timestamp,sample
559426,264
559434,1395
559442,1974
559450,1157
559458,-433
559466,-1418
559474,-1302
559482,-754
559490,-461
559498,-401
559506,-303
559514,-196
559522,-146
559530,-104
559538,-60
559546,-32
559554,-25
559562,-33
559570,-32
559578,-6
559586,20
559594,23
559602,16
559610,13
559618,16
559626,5
559634,-20
559642,-34
559650,-23
559658,-8
559666,-15
559674,-54
559682,-108
559690,-158
559698,-185
559706,-190
559714,-168
559722,-127
559730,-88
559738,-63
559746,-55
559754,-54
559762,-49
559770,-46
559778,-40
559786,-33
559794,-22
559802,-20
559810,-37
559818,-52
559826,-43
559834,-20
559842,-8
559850,-36
559858,-86
559866,-109
559874,-106
559882,-104
559890,-75
559898,-10
559906,-24
559914,-217
559922,-247
559930,466
559938,1575
559946,1875
559954,810
559962,-724
559970,-1434
559978,-1147
559986,-640
559994,-441
560002,-378
560010,-261
560018,-188
560026,-171
560034,-131
560042,-79
560050,-44
560058,-29
560066,-17
560074,8
560082,22
560090,12
560098,-11
560106,-23
560114,-19
560122,-2
560130,6
560138,4
560146,-11
560154,-19
560162,-21
560170,-26
560178,-47
560186,-101
560194,-157
560202,-185
560210,-179
560218,-149
560226,-119
560234,-102
560242,-86
560250,-69
560258,-52
560266,-46
560274,-42
560282,-31
560290,-26
560298,-31
560306,-48
560314,-63
560322,-63
560330,-55
560338,-41
560346,-33
560354,-49
560362,-79
560370,-87
560378,-77
560386,-88
560394,-98
560402,-57
560410,-24
560418,-153
560426,-313
560434,128
560442,1231
560450,1946
560458,1312
560466,-241
560474,-1342
560482,-1341
560490,-800
560498,-460
560506,-390
560514,-307
560522,-210
560530,-162
560538,-104
560546,-64
560554,-48
560562,-50
560570,-49
560578,-35
560586,-13
560594,1
560602,-3
560610,-17
560618,-23
560626,-12
560634,1
560642,1
560650,-10
560658,-15
560666,-7
560674,-6
560682,-40
560690,-99
560698,-155
560706,-175
560714,-160
560722,-138
560730,-128
560738,-110
560746,-88
560754,-66
560762,-51
560770,-46
560778,-48
560786,-47
560794,-40
560802,-38
560810,-37
560818,-36
560826,-41
560834,-46
560842,-43
560850,-48
560858,-58
560866,-74
560874,-95
560882,-90
560890,-77
560898,-76
560906,-36
560914,17
560922,-62
560930,-279
560938,-97
560946,902
560954,1944
560962,1774
560970,288
560978,-1205
560986,-1557
560994,-1021
561002,-526
561010,-405
561018,-358
561026,-238
561034,-155
561042,-107
561050,-78
561058,-61
561066,-42
561074,-38
561082,-47
561090,-47
561098,-35
561106,-24
561114,-28
561122,-30
561130,-26
561138,-16
561146,-14
561154,-9
561162,-10
561170,-19
561178,-37
561186,-70
561194,-114
561202,-151
561210,-172
561218,-165
561226,-150
561234,-137
561242,-125
561250,-106
561258,-84
561266,-63
561274,-53
561282,-53
561290,-64
561298,-68
561306,-63
561314,-48
561322,-46
561330,-56
561338,-61
561346,-53
561354,-33
561362,-37
561370,-69
561378,-98
561386,-100
561394,-93
561402,-99
561410,-71
561418,-9
561426,-39
561434,-251
561442,-271
561450,492
561458,1657
561466,1956
561474,829
561482,-770
561490,-1508
561498,-1206
561506,-673
561514,-461
561522,-407
561530,-286
561538,-192
561546,-145
561554,-87
561562,-51
561570,-35
561578,-42
561586,-45
561594,-25
561602,-1
561610,2
561618,1
561626,-2
561634,1
561642,12
561650,14
561658,7
561666,0
561674,4
561682,4
561690,-26
561698,-90
561706,-163
561714,-201
561722,-201
561730,-176
561738,-138
561746,-106
561754,-84
561762,-68
561770,-64
561778,-58
561786,-44
561794,-20
561802,-11
561810,-20
561818,-36
561826,-51
561834,-61
561842,-60
561850,-42
561858,-31
561866,-37
561874,-53
561882,-71
561890,-69
561898,-80
561906,-93
561914,-48
561922,8
561930,-71
561938,-297
561946,-176
561954,766
561962,1869
561970,1871
561978,507
561986,-1030
561994,-1529
562002,-1103
562010,-612
562018,-458
562026,-380
562034,-220
562042,-135
562050,-114
562058,-94
562066,-65
562074,-28
562082,-14
562090,-14
562098,-12
562106,-10
562114,-10
562122,-10
562130,-7
562138,7
562146,22
562154,23
562162,8
562170,-3
562178,1
562186,-1
562194,-40
562202,-103
562210,-154
562218,-162
562226,-137
562234,-117
562242,-106
562250,-96
562258,-79
562266,-64
562274,-60
562282,-56
562290,-45
562298,-41
562306,-44
562314,-49
562322,-47
562330,-50
562338,-63
562346,-84
562354,-95
562362,-82
562370,-58
562378,-50
562386,-58
562394,-80
562402,-94
562410,-93
562418,-110
562426,-109
562434,-58
562442,-37
562450,-193
562458,-355
562466,121
562474,1331
562482,2164
562490,1520
562498,-202
562506,-1501
562514,-1573
562522,-977
562530,-571
562538,-483
562546,-388
562554,-255
562562,-184
562570,-126
562578,-81
562586,-54
562594,-40
562602,-37
562610,-33
562618,-17
562626,-2
562634,5
562642,3
562650,-6
562658,-8
562666,-12
562674,-14
562682,-14
562690,0
562698,14
562706,8
562714,-27
562722,-75
562730,-110
562738,-115
562746,-111
562754,-111
562762,-104
562770,-89
562778,-73
562786,-64
562794,-64
562802,-62
562810,-54
562818,-44
562826,-41
562834,-41
562842,-40
562850,-42
562858,-45
562866,-51
562874,-53
562882,-48
562890,-48
562898,-57
562906,-72
562914,-85
562922,-81
562930,-81
562938,-90
562946,-68
562954,-33
562962,-102
562970,-291
562978,-117
562986,809
562994,1793
563002,1676
563010,332
563018,-1055
563026,-1427
563034,-983
563042,-550
563050,-442
563058,-396
563066,-276
563074,-184
563082,-113
563090,-64
563098,-49
563106,-27
563114,-7
563122,-7
563130,-27
563138,-38
563146,-22
563154,5
563162,17
563170,12
563178,-2
563186,-13
563194,-26
563202,-20
563210,14
563218,44
563226,18
563234,-62
563242,-140
563250,-185
563258,-195
563266,-177
563274,-129
563282,-82
563290,-82
563298,-100
563306,-64
563314,-6
563322,-13
563330,-91
563338,-127
563346,-71
563354,-8
563362,-9
563370,-55
563378,-62
563386,-45
563394,-53
563402,-78
563410,-86
563418,-68
563426,-77
563434,-106
563442,-129
563450,-106
563458,-26
563466,53
563474,-9
563482,-238
563490,-210
563498,583
563506,1652
563514,1813
563522,661
563530,-823
563538,-1428
563546,-1087
563554,-587
563562,-401
563570,-345
563578,-236
563586,-151
563594,-101
563602,-51
563610,-32
563618,-47
563626,-74
563634,-64
563642,-1
563650,56
563658,53
563666,22
563674,10
563682,9
563690,-1
563698,-26
563706,-39
563714,-30
563722,-20
563730,-15
563738,-37
563746,-92
563754,-152
563762,-189
563770,-181
563778,-146
563786,-112
563794,-89
563802,-71
563810,-62
563818,-60
563826,-54
563834,-43
563842,-33
563850,-34
563858,-57
563866,-82
563874,-97
563882,-102
563890,-112
563898,-110
563906,-91
563914,-69
563922,-55
563930,-50
563938,-41
563946,-29
563954,-60
563962,-74
563970,-22
563978,10
563986,-145
563994,-349
564002,27
564010,1127
564018,1928
564026,1384
564034,-180
564042,-1367
564050,-1411
564058,-833
564066,-438
564074,-363
564082,-304
564090,-221
564098,-172
564106,-120
564114,-71
564122,-56
564130,-54
564138,-45
564146,-35
564154,-30
564162,-20
564170,-1
564178,17
564186,9
564194,-7
564202,-13
564210,-7
564218,0
564226,8
564234,9
564242,-9
564250,-57
564258,-114
564266,-155
564274,-166
564282,-159
564290,-142
564298,-129
564306,-111
564314,-91
564322,-80
564330,-63
564338,-37
564346,-18
564354,-29
564362,-55
564370,-73
564378,-76
564386,-81
564394,-86
564402,-76
564410,-53
564418,-49
564426,-63
564434,-82
564442,-77
564450,-81
564458,-89
564466,-62
564474,-11
564482,-59
564490,-268
564498,-200
564506,613
564514,1628
564522,1692
564530,506
564538,-899
564546,-1388
564554,-1012
564562,-555
564570,-418
564578,-365
564586,-241
564594,-156
564602,-118
564610,-86
564618,-66
564626,-45
564634,-40
564642,-45
564650,-33
564658,-12
564666,8
564674,8
564682,-6
564690,-3
564698,19
564706,34
564714,28
564722,8
564730,-4
564738,-15
564746,-35
564754,-69
564762,-111
564770,-148
564778,-169
564786,-156
564794,-119
564802,-86
564810,-80
564818,-87
564826,-81
564834,-63
564842,-54
564850,-50
564858,-44
564866,-39
564874,-44
564882,-50
564890,-55
564898,-62
564906,-79
564914,-95
564922,-101
564930,-88
564938,-74
564946,-92
564954,-86
564962,-28
564970,-23
564978,-200
564986,-299
564994,290
565002,1433
565010,1988
565018,1158
565026,-414
565034,-1369
565042,-1249
565050,-726
565058,-455
565066,-405
565074,-312
565082,-225
565090,-189
565098,-154
565106,-112
565114,-72
565122,-49
565130,-34
565138,-20
565146,-15
565154,-22
565162,-33
565170,-29
565178,-8
565186,15
565194,17
565202,5
565210,-11
565218,-28
565226,-32
565234,-40
565242,-77
565250,-140
565258,-197
565266,-207
565274,-171
565282,-127
565290,-102
565298,-88
565306,-75
565314,-55
565322,-34
565330,-28
565338,-26
565346,-17
565354,-3
565362,1
565370,-22
565378,-51
565386,-52
565394,-34
565402,-28
565410,-54
565418,-81
565426,-78
565434,-85
565442,-89
565450,-51
565458,-34
565466,-167
565474,-333
565482,20
565490,1107
565498,2004
565506,1605
565514,82
565522,-1232
565530,-1446
565538,-942
565546,-522
565554,-414
565562,-341
565570,-230
565578,-173
565586,-132
565594,-90
565602,-64
565610,-47
565618,-43
565626,-37
565634,-32
565642,-29
565650,-14
565658,13
565666,29
565674,31
565682,14
565690,6
565698,20
565706,26
565714,10
565722,-20
565730,-65
565738,-116
565746,-153
565754,-168
565762,-163
565770,-142
565778,-113
565786,-85
565794,-63
565802,-59
565810,-63
565818,-53
565826,-33
565834,-19
565842,-16
565850,-21
565858,-33
565866,-48
565874,-61
565882,-54
565890,-33
565898,-16
565906,-22
565914,-52
565922,-88
565930,-114
565938,-73
565946,10
565954,-20
565962,-246
565970,-294
565978,407
565986,1521
565994,1873
566002,872
566010,-657
566018,-1448
566026,-1237
566034,-737
566042,-496
566050,-429
566058,-321
566066,-220
566074,-170
566082,-132
566090,-118
566098,-98
566106,-64
566114,-35
566122,-18
566130,-13
566138,-1
566146,10
566154,6
566162,-2
566170,-2
566178,9
566186,6
566194,-3
566202,3
566210,16
566218,0
566226,-67
566234,-154
566242,-215
566250,-218
566258,-173
566266,-121
566274,-95
566282,-90
566290,-80
566298,-59
566306,-54
566314,-66
566322,-69
566330,-65
566338,-67
566346,-75
566354,-83
566362,-72
566370,-55
566378,-49
566386,-55
566394,-61
566402,-87
566410,-99
566418,-98
566426,-97
566434,-74
566442,-31
566450,-74
566458,-294
566466,-318
566474,422
566482,1577
566490,1921
566498,849
566506,-735
566514,-1479
566522,-1174
566530,-650
566538,-488
566546,-481
566554,-355
566562,-210
566570,-132
566578,-78
566586,-40
566594,-17
566602,-17
566610,-17
566618,-8
566626,-9
566634,-16
566642,-7
566650,19
566658,38
566666,29
566674,4
566682,7
566690,39
566698,52
566706,20
566714,-29
566722,-79
566730,-120
566738,-152
566746,-169
566754,-160
566762,-147
566770,-146
566778,-118
566786,-68
566794,-48
566802,-59
566810,-54
566818,-26
566826,-5
566834,-8
566842,-16
566850,-27
566858,-57
566866,-84
566874,-64
566882,-11
566890,7
566898,-20
566906,-52
566914,-71
566922,-74
566930,-44
566938,-34
566946,-149
566954,-353
566962,-149
566970,832
566978,1898
566986,1841
566994,479
567002,-1035
567010,-1533
567018,-1107
567026,-609
567034,-454
567042,-404
567050,-271
567058,-156
567066,-88
567074,-49
567082,-41
567090,-46
567098,-54
567106,-57
567114,-42
567122,-19
567130,1
567138,24
567146,41
567154,36
567162,27
567170,19
567178,16
567186,22
567194,22
567202,6
567210,-34
567218,-95
567226,-161
567234,-208
567242,-212
567250,-178
567258,-122
567266,-67
567274,-48
567282,-57
567290,-79
567298,-100
567306,-100
567314,-67
567322,-11
567330,25
567338,18
567346,-30
567354,-85
567362,-94
567370,-64
567378,-26
567386,2
567394,-10
567402,-53
567410,-88
567418,-104
567426,-107
567434,-63
567442,-7
567450,-65
567458,-288
567466,-324
567474,438
567482,1702
567490,2174
567498,1121
567506,-615
567514,-1575
567522,-1373
567530,-782
567538,-513
567546,-480
567554,-361
567562,-198
567570,-87
567578,-35
567586,-46
567594,-60
567602,-47
567610,-43
567618,-52
567626,-56
567634,-41
567642,-18
567650,4
567658,25
567666,47
567674,55
567682,46
567690,32
567698,36
567706,22
567714,-22
567722,-78
567730,-126
567738,-165
567746,-198
567754,-213
567762,-182
567770,-114
567778,-55
567786,-37
567794,-60
567802,-70
567810,-62
567818,-62
567826,-65
567834,-55
567842,-36
567850,-30
567858,-37
567866,-54
567874,-70
567882,-75
567890,-68
567898,-45
567906,-37
567914,-70
567922,-93
567930,-74
567938,-54
567946,-47
567954,-17
567962,-3
567970,-131
567978,-362
567986,-140
567994,918
568002,2011
568010,1882
568018,425
568026,-1097
568034,-1564
568042,-1138
568050,-663
568058,-508
568066,-419
568074,-272
568082,-176
568090,-117
568098,-80
568106,-62
568114,-57
568122,-57
568130,-46
568138,-23
568146,-10
568154,-14
568162,-1
568170,21
568178,27
568186,22
568194,27
568202,33
568210,23
568218,5
568226,5
568234,-3
568242,-60
568250,-150
568258,-215
568266,-208
568274,-173
568282,-162
568290,-165
568298,-137
568306,-71
568314,-10
568322,-8
568330,-53
568338,-78
568346,-64
568354,-43
568362,-35
568370,-33
568378,-33
568386,-40
568394,-71
568402,-91
568410,-77
568418,-54
568426,-57
568434,-81
568442,-73
568450,-30
568458,1
568466,-20
568474,-72
568482,-93
568490,-83
568498,-67
568506,-25
568514,2
568522,-95
568530,-303
568538,-128
568546,891
568554,2067
568562,2068
568570,609
568578,-1090
568586,-1728
568594,-1322
568602,-738
568610,-477
568618,-360
568626,-237
568634,-195
568642,-188
568650,-159
568658,-122
568666,-65
568674,-21
568682,-15
568690,-21
568698,-26
568706,-12
568714,7
568722,11
568730,13
568738,23
568746,40
568754,44
568762,37
568770,19
568778,5
568786,5
568794,-16
568802,-87
568810,-178
568818,-234
568826,-229
568834,-195
568842,-174
568850,-167
568858,-131
568866,-66
568874,-16
568882,-15
568890,-48
568898,-72
568906,-67
568914,-54
568922,-57
568930,-69
568938,-71
568946,-62
568954,-46
568962,-44
568970,-49
568978,-49
568986,-42
568994,-33
569002,-40
569010,-44
569018,-55
569026,-86
569034,-114
569042,-102
569050,-60
569058,-25
569066,-25
569074,-37
569082,-37
569090,-41
569098,-64
569106,-78
569114,-85
569122,-99
569130,-67
569138,9
569146,0
569154,-196
569162,-177
569170,643
569178,1825
569186,2064
569194,825
569202,-879
569210,-1663
569218,-1346
569226,-755
569234,-490
569242,-412
569250,-302
569258,-219
569266,-163
569274,-98
569282,-61
569290,-45
569298,-41
569306,-46
569314,-30
569322,-16
569330,-14
569338,-15
569346,4
569354,37
569362,61
569370,58
569378,51
569386,46
569394,35
569402,17
569410,0
569418,-12
569426,-46
569434,-116
569442,-203
569450,-257
569458,-251
569466,-213
569474,-171
569482,-125
569490,-91
569498,-74
569506,-66
569514,-55
569522,-46
569530,-51
569538,-65
569546,-60
569554,-47
569562,-42
569570,-44
569578,-46
569586,-58
569594,-81
569602,-79
569610,-46
569618,-13
569626,-12
569634,-42
569642,-72
569650,-79
569658,-82
569666,-87
569674,-82
569682,-51
569690,-16
569698,-4
569706,-27
569714,-54
569722,-58
569730,-53
569738,-59
569746,-73
569754,-69
569762,-48
569770,-33
569778,-38
569786,-57
569794,-49
569802,-19
569810,-15
569818,-133
569826,-287
569834,60
569842,1160
569850,2118
569858,1760
569866,161
569874,-1318
569882,-1636
569890,-1108
569898,-625
569906,-477
569914,-372
569922,-230
569930,-162
569938,-130
569946,-94
569954,-68
569962,-59
569970,-61
569978,-41
569986,-5
569994,28
570002,41
570010,27
570018,-2
570026,-21
570034,-1
570042,52
570050,96
570058,89
570066,50
570074,32
570082,27
570090,-3
570098,-86
570106,-190
570114,-250
570122,-239
570130,-208
570138,-186
570146,-172
570154,-140
570162,-114
570170,-107
570178,-100
570186,-65
570194,-13
570202,5
570210,-18
570218,-43
570226,-58
570234,-74
570242,-89
570250,-89
570258,-68
570266,-40
570274,-19
570282,-30
570290,-58
570298,-66
570306,-64
570314,-64
570322,-64
570330,-52
570338,-32
570346,-29
570354,-52
570362,-76
570370,-71
570378,-56
570386,-61
570394,-68
570402,-60
570410,-50
570418,-52
570426,-64
570434,-69
570442,-47
570450,-22
570458,-19
570466,-34
570474,-52
570482,-61
570490,-75
570498,-67
570506,-18
570514,1
570522,-132
570530,-337
570538,-45
570546,1076
570554,2139
570562,1880
570570,289
570578,-1262
570586,-1662
570594,-1161
570602,-663
570610,-503
570618,-413
570626,-263
570634,-170
570642,-108
570650,-74
570658,-87
570666,-88
570674,-51
570682,-9
570690,-10
570698,-38
570706,-42
570714,2
570722,42
570730,38
570738,18
570746,31
570754,66
570762,78
570770,68
570778,62
570786,43
570794,-29
570802,-118
570810,-182
570818,-214
570826,-239
570834,-251
570842,-224
570850,-164
570858,-123
570866,-108
570874,-95
570882,-74
570890,-57
570898,-52
570906,-55
570914,-51
570922,-45
570930,-56
570938,-83
570946,-83
570954,-47
570962,-11
570970,-14
570978,-44
570986,-64
570994,-58
571002,-56
571010,-52
571018,-42
571026,-46
571034,-69
571042,-82
571050,-69
571058,-42
571066,-31
571074,-42
571082,-53
571090,-59
571098,-66
571106,-72
571114,-59
571122,-46
571130,-34
571138,-26
571146,-28
571154,-47
571162,-57
571170,-68
571178,-85
571186,-83
571194,-51
571202,-22
571210,-34
571218,-76
571226,-59
571234,25
571242,31
571250,-151
571258,-317
571266,112
571274,1243
571282,2074
571290,1556
571298,-52
571306,-1368
571314,-1533
571322,-985
571330,-562
571338,-475
571346,-400
571354,-249
571362,-152
571370,-116
571378,-108
571386,-95
571394,-46
571402,0
571410,15
571418,0
571426,-1
571434,19
571442,17
571450,-25
571458,-53
571466,-12
571474,76
571482,137
571490,118
571498,69
571506,65
571514,68
571522,-8
571530,-149
571538,-259
571546,-275
571554,-220
571562,-168
571570,-168
571578,-182
571586,-171
571594,-128
571602,-64
571610,-26
571618,-44
571626,-84
571634,-104
571642,-88
571650,-40
571658,1
571666,7
571674,-16
571682,-45
571690,-67
571698,-85
571706,-101
571714,-93
571722,-59
571730,-19
571738,-7
571746,-25
571754,-60
571762,-87
571770,-93
571778,-87
571786,-61
571794,-17
571802,8
571810,-4
571818,-46
571826,-100
571834,-126
571842,-99
571850,-36
571858,15
571866,12
571874,-42
571882,-86
571890,-85
571898,-83
571906,-77
571914,-45
571922,-34
571930,-169
571938,-239
571946,381
571954,1616
571962,2260
571970,1379
571978,-421
571986,-1639
571994,-1595
572002,-940
572010,-517
572018,-420
572026,-341
572034,-257
572042,-219
572050,-174
572058,-116
572066,-36
572074,40
572082,36
572090,-31
572098,-56
572106,-21
572114,-12
572122,-42
572130,-46
572138,25
572146,125
572154,161
572162,123
572170,63
572178,49
572186,59
572194,28
572202,-91
572210,-240
572218,-301
572226,-249
572234,-178
572242,-172
572250,-200
572258,-193
572266,-145
572274,-124
572282,-141
572290,-132
572298,-71
572306,8
572314,37
572322,-5
572330,-53
572338,-60
572346,-61
572354,-95
572362,-114
572370,-58
572378,31
572386,47
572394,-19
572402,-69
572410,-75
572418,-77
572426,-94
572434,-97
572442,-70
572450,-38
572458,-24
572466,-29
572474,-49
572482,-67
572490,-66
572498,-37
572506,-14
572514,-44
572522,-117
572530,-156
572538,-91
572546,5
572554,33
572562,24
572570,15
572578,-78
572586,-322
572594,-291
572602,629
572610,1955
572618,2258
572626,944
572634,-876
572642,-1717
572650,-1400
572658,-813
572666,-545
572674,-441
572682,-291
572690,-189
572698,-166
572706,-122
572714,-64
572722,-35
572730,-52
572738,-72
572746,-71
572754,-32
572762,22
572770,43
572778,35
572786,30
572794,11
572802,17
572810,49
572818,86
572826,101
572834,95
572842,75
572850,11
572858,-116
572866,-253
572874,-302
572882,-256
572890,-215
572898,-206
572906,-194
572914,-158
572922,-132
572930,-122
572938,-110
572946,-72
572954,-28
572962,-19
572970,-43
572978,-46
572986,-42
572994,-52
573002,-73
573010,-88
573018,-78
573026,-44
573034,-10
573042,2
573050,-16
573058,-57
573066,-93
573074,-94
573082,-86
573090,-85
573098,-79
573106,-52
573114,-13
573122,-1
573130,-24
573138,-58
573146,-74
573154,-55
573162,-40
573170,-87
573178,-151
573186,-129
573194,-10
573202,85
573210,63
573218,-44
573226,-117
573234,-96
573242,-67
573250,-83
573258,-85
573266,-45
573274,-70
573282,-206
573290,-4
573298,995
573306,2105
573314,2020
573322,495
573330,-1190
573338,-1758
573346,-1323
573354,-780
573362,-554
573370,-403
573378,-207
573386,-106
573394,-100
573402,-109
573410,-118
573418,-103
573426,-83
573434,-59
573442,-23
573450,19
573458,46
573466,31
573474,-6
573482,-6
573490,37
573498,41
573506,7
573514,7
573522,75
573530,148
573538,146
573546,42
573554,-99
573562,-196
573570,-262
573578,-321
573586,-340
573594,-277
573602,-156
573610,-57
573618,-43
573626,-93
573634,-124
573642,-88
573650,-43
573658,-61
573666,-100
573674,-86
573682,-9
573690,39
573698,5
573706,-61
573714,-87
573722,-66
573730,-58
573738,-74
573746,-94
573754,-102
573762,-65
573770,-7
573778,19
573786,-4
573794,-49
573802,-84
573810,-102
573818,-106
573826,-87
573834,-57
573842,-29
573850,-9
573858,-4
573866,-30
573874,-67
573882,-80
573890,-87
573898,-94
573906,-86
573914,-33
573922,7
573930,2
573938,-39
573946,-59
573954,-45
573962,-55
573970,-87
573978,-82
573986,-58
573994,-136
574002,-222
574010,246
574018,1393
574026,2221
574034,1643
574042,-68
574050,-1490
574058,-1697
574066,-1119
574074,-619
574082,-440
574090,-332
574098,-235
574106,-180
574114,-138
574122,-129
574130,-145
574138,-102
574146,-10
574154,59
574162,50
574170,-15
574178,-56
574186,-39
574194,-15
574202,-13
574210,-10
574218,34
574226,102
574234,150
574242,135
574250,78
574258,35
574266,-12
574274,-119
574282,-247
574290,-296
574298,-236
574306,-157
574314,-157
574322,-214
574330,-207
574338,-129
574346,-67
574354,-73
574362,-97
574370,-75
574378,-9
574386,0
574394,-57
574402,-107
574410,-81
574418,-15
574426,19
574434,-10
574442,-69
574450,-86
574458,-72
574466,-81
574474,-98
574482,-84
574490,-34
574498,11
574506,-3
574514,-69
574522,-93
574530,-64
574538,-46
574546,-51
574554,-49
574562,-36
574570,-31
574578,-43
574586,-57
574594,-59
574602,-63
574610,-82
574618,-82
574626,-47
574634,-21
574642,-11
574650,-20
574658,-44
574666,-66
574674,-73
574682,-48
574690,-15
574698,-38
574706,-99
574714,-118
574722,-75
574730,-31
574738,13
574746,45
574754,-28
574762,-245
574770,-269
574778,478
574786,1754
574794,2261
574802,1198
574810,-616
574818,-1662
574826,-1510
574834,-898
574842,-558
574850,-464
574858,-341
574866,-225
574874,-170
574882,-123
574890,-89
574898,-72
574906,-66
574914,-54
574922,-37
574930,-16
574938,5
574946,11
574954,-5
574962,-12
574970,19
574978,60
574986,69
574994,67
575002,77
575010,95
575018,80
575026,25
575034,-53
575042,-122
575050,-185
575058,-251
575066,-290
575074,-267
575082,-204
575090,-143
575098,-112
575106,-104
575114,-97
575122,-85
575130,-69
575138,-60
575146,-51
575154,-54
575162,-64
575170,-62
575178,-46
575186,-38
575194,-44
575202,-53
575210,-61
575218,-42
575226,-15
575234,-34
575242,-94
575250,-127
575258,-77
575266,-6
575274,5
575282,-27
575290,-46
575298,-38
575306,-59
575314,-116
575322,-141
575330,-90
575338,5
575346,49
575354,-4
575362,-78
575370,-95
575378,-55
575386,-50
575394,-96
575402,-113
575410,-55
575418,29
575426,43
575434,-28
575442,-95
575450,-95
575458,-63
575466,-45
575474,-21
575482,-7
575490,-80
575498,-272
575506,-167
575514,759
575522,1980
575530,2167
575538,832
575546,-934
575554,-1720
575562,-1385
575570,-814
575578,-577
575586,-478
575594,-300
575602,-167
575610,-116
575618,-79
575626,-49
575634,-48
575642,-78
575650,-80
575658,-35
575666,20
575674,45
575682,32
575690,24
575698,22
575706,6
575714,-14
575722,20
575730,102
575738,156
575746,149
575754,97
575762,17
575770,-79
575778,-193
575786,-284
575794,-307
575802,-275
575810,-226
575818,-178
575826,-143
575834,-132
575842,-153
575850,-152
575858,-99
575866,-31
575874,-9
575882,-32
575890,-45
575898,-14
575906,-10
575914,-63
575922,-105
575930,-88
575938,-35
575946,-5
575954,-9
575962,-29
575970,-49
575978,-66
575986,-86
575994,-92
576002,-74
576010,-59
576018,-55
576026,-58
576034,-66
576042,-71
576050,-59
576058,-51
576066,-58
576074,-57
576082,-31
576090,-5
576098,-12
576106,-58
576114,-79
576122,-66
576130,-65
576138,-89
576146,-88
576154,-58
576162,-31
576170,-37
576178,-48
576186,-5
576194,41
576202,-79
576210,-329
576218,-161
576226,893
576234,2112
576242,2106
576250,601
576258,-1111
576266,-1722
576274,-1317
576282,-790
576290,-564
576298,-401
576306,-220
576314,-174
576322,-185
576330,-127
576338,-47
576346,-30
576354,-61
576362,-80
576370,-44
576378,9
576386,35
576394,20
576402,-10
576410,-7
576418,16
576426,21
576434,28
576442,78
576450,151
576458,163
576466,89
576474,-22
576482,-96
576490,-150
576498,-235
576506,-327
576514,-344
576522,-264
576530,-161
576538,-111
576546,-109
576554,-101
576562,-72
576570,-54
576578,-54
576586,-59
576594,-69
576602,-81
576610,-69
576618,-30
576626,-4
576634,-20
576642,-60
576650,-77
576658,-71
576666,-80
576674,-100
576682,-92
576690,-47
576698,-17
576706,-24
576714,-50
576722,-69
576730,-61
576738,-45
576746,-59
576754,-93
576762,-99
576770,-65
576778,-15
576786,-9
576794,-54
576802,-90
576810,-86
576818,-75
576826,-62
576834,-26
576842,-11
576850,-27
576858,-58
576866,-98
576874,-95
576882,-33
576890,-6
576898,-114
576906,-251
576914,156
576922,1330
576930,2254
576938,1732
576946,-12
576954,-1490
576962,-1708
576970,-1109
576978,-610
576986,-480
576994,-415
577002,-301
577010,-213
577018,-116
577026,-40
577034,-34
577042,-57
577050,-68
577058,-57
577066,-45
577074,-34
577082,-19
577090,-12
577098,0
577106,15
577114,32
577122,52
577130,68
577138,70
577146,60
577154,50
577162,38
577170,2
577178,-66
577186,-163
577194,-245
577202,-292
577210,-288
577218,-242
577226,-187
577234,-148
577242,-121
577250,-102
577258,-81
577266,-60
577274,-39
577282,-24
577290,-23
577298,-38
577306,-50
577314,-52
577322,-52
577330,-54
577338,-50
577346,-45
577354,-51
577362,-65
577370,-68
577378,-46
577386,-25
577394,-33
577402,-66
577410,-84
577418,-72
577426,-55
577434,-54
577442,-54
577450,-54
577458,-68
577466,-77
577474,-60
577482,-30
577490,-29
577498,-53
577506,-68
577514,-63
577522,-54
577530,-66
577538,-73
577546,-24
577554,3
577562,-118
577570,-286
577578,101
577586,1249
577594,2178
577602,1714
577610,35
577618,-1417
577626,-1658
577634,-1098
577642,-629
577650,-487
577658,-384
577666,-255
577674,-190
577682,-137
577690,-79
577698,-51
577706,-44
577714,-37
577722,-24
577730,-23
577738,-24
577746,-19
577754,-9
577762,0
577770,14
577778,46
577786,90
577794,113
577802,109
577810,91
577818,75
577826,46
577834,-13
577842,-117
577850,-229
577858,-283
577866,-269
577874,-230
577882,-198
577890,-171
577898,-139
577906,-105
577914,-84
577922,-82
577930,-77
577938,-61
577946,-45
577954,-40
577962,-52
577970,-65
577978,-67
577986,-59
577994,-53
578002,-52
578010,-53
578018,-51
578026,-47
578034,-50
578042,-62
578050,-67
578058,-58
578066,-47
578074,-52
578082,-64
578090,-66
578098,-51
578106,-32
578114,-23
578122,-30
578130,-48
578138,-64
578146,-57
578154,-55
578162,-57
578170,-28
578178,13
578186,-45
578194,-222
578202,-77
578210,874
578218,2056
578226,2142
578234,733
578242,-1020
578250,-1738
578258,-1353
578266,-749
578274,-495
578282,-411
578290,-273
578298,-171
578306,-122
578314,-84
578322,-58
578330,-32
578338,-21
578346,-21
578354,-24
578362,-11
578370,13
578378,28
578386,30
578394,43
578402,65
578410,87
578418,93
578426,87
578434,80
578442,72
578450,45
578458,-5
578466,-72
578474,-153
578482,-220
578490,-243
578498,-226
578506,-184
578514,-134
578522,-96
578530,-74
578538,-67
578546,-59
578554,-37
578562,-14
578570,-10
578578,-29
578586,-41
578594,-38
578602,-25
578610,-15
578618,-19
578626,-31
578634,-36
578642,-39
578650,-41
578658,-47
578666,-48
578674,-55
578682,-52
578690,-32
578698,-16
578706,-20
578714,-32
578722,-37
578730,-55
578738,-79
578746,-103
578754,-89
578762,-37
578770,-20
578778,-23
578786,7
578794,17
578802,-127
578810,-282
578818,162
578826,1395
578834,2346
578842,1794
578850,-15
578858,-1528
578866,-1752
578874,-1152
578882,-675
578890,-552
578898,-433
578906,-263
578914,-189
578922,-161
578930,-130
578938,-100
578946,-68
578954,-54
578962,-60
578970,-62
578978,-54
578986,-33
578994,-2
579002,-1
579010,-16
579018,-21
579026,-3
579034,5
579042,2
579050,-11
579058,-7
579066,-13
579074,-48
579082,-129
579090,-210
579098,-259
579106,-261
579114,-235
579122,-210
579130,-183
579138,-146
579146,-107
579154,-84
579162,-77
579170,-74
579178,-75
579186,-77
579194,-77
579202,-77
579210,-81
579218,-91
579226,-99
579234,-96
579242,-80
579250,-56
579258,-48
579266,-77
579274,-111
579282,-122
579290,-111
579298,-101
579306,-94
579314,-80
579322,-66
579330,-61
579338,-72
579346,-92
579354,-95
579362,-96
579370,-81
579378,-23
579386,-1
579394,-123
579402,-330
579410,-63
579418,1043
579426,2134
579434,1919
579442,344
579450,-1228
579458,-1649
579466,-1183
579474,-721
579482,-589
579490,-481
579498,-301
579506,-199
579514,-151
579522,-108
579530,-76
579538,-33
579546,13
579554,2
579562,-84
579570,-148
579578,-95
579586,31
579594,96
579602,55
579610,0
579618,2
579626,27
579634,22
579642,14
579650,18
579658,10
579666,-40
579674,-116
579682,-183
579690,-210
579698,-207
579706,-186
579714,-159
579722,-134
579730,-111
579738,-95
579746,-74
579754,-59
579762,-50
579770,-53
579778,-54
579786,-55
579794,-62
579802,-67
579810,-63
579818,-55
579826,-41
579834,-31
579842,-42
579850,-66
579858,-89
579866,-101
579874,-99
579882,-89
579890,-68
579898,-42
579906,-26
579914,-36
579922,-59
579930,-67
579938,-78
579946,-62
579954,2
579962,17
579970,-150
579978,-301
579986,203
579994,1412
580002,2176
580010,1465
580018,-257
580026,-1494
580034,-1517
580042,-929
580050,-550
580058,-466
580066,-368
580074,-243
580082,-179
580090,-130
580098,-85
580106,-57
580114,-46
580122,-44
580130,-23
580138,9
580146,23
580154,2
580162,-18
580170,2
580178,46
580186,60
580194,37
580202,20
580210,34
580218,47
580226,35
580234,-13
580242,-72
580250,-133
580258,-182
580266,-207
580274,-196
580282,-175
580290,-156
580298,-126
580306,-91
580314,-64
580322,-46
580330,-34
580338,-30
580346,-39
580354,-53
580362,-55
580370,-52
580378,-46
580386,-50
580394,-58
580402,-65
580410,-58
580418,-55
580426,-52
580434,-47
580442,-41
580450,-42
580458,-58
580466,-84
580474,-91
580482,-87
580490,-84
580498,-50
580506,33
580514,56
580522,-117
580530,-268
580538,223
580546,1397
580554,2134
580562,1427
580570,-270
580578,-1493
580586,-1492
580594,-856
580602,-450
580610,-389
580618,-337
580626,-224
580634,-147
580642,-89
580650,-56
580658,-43
580666,-33
580674,-21
580682,-16
580690,-7
580698,1
580706,14
580714,30
580722,47
580730,51
580738,47
580746,41
580754,36
580762,40
580770,48
580778,42
580786,0
580794,-75
580802,-151
580810,-187
580818,-183
580826,-163
580834,-146
580842,-130
580850,-102
580858,-75
580866,-58
580874,-45
580882,-24
580890,-12
580898,-13
580906,-16
580914,-22
580922,-46
580930,-78
580938,-102
580946,-90
580954,-54
580962,-36
580970,-43
580978,-44
580986,-35
580994,-39
581002,-57
581010,-81
581018,-80
581026,-65
581034,-76
581042,-70
581050,-13
581058,4
581066,-148
581074,-305
581082,166
581090,1351
581098,2156
581106,1513
581114,-177
581122,-1462
581130,-1549
581138,-972
581146,-561
581154,-454
581162,-355
581170,-235
581178,-171
581186,-105
581194,-53
581202,-47
581210,-54
581218,-61
581226,-47
581234,-21
581242,-7
581250,-10
581258,-14
581266,-1
581274,13
581282,16
581290,4
581298,-5
581306,-3
581314,5
581322,-1
581330,-30
581338,-71
581346,-116
581354,-153
581362,-160
581370,-140
581378,-119
581386,-105
581394,-86
581402,-54
581410,-29
581418,-22
581426,-34
581434,-50
581442,-61
581450,-64
581458,-70
581466,-71
581474,-61
581482,-50
581490,-50
581498,-55
581506,-52
581514,-36
581522,-37
581530,-60
581538,-87
581546,-93
581554,-76
581562,-76
581570,-78
581578,-28
581586,18
581594,-74
581602,-280
581610,-53
581618,992
581626,2050
581634,1850
581642,311
581650,-1235
581658,-1641
581666,-1129
581674,-616
581682,-462
581690,-392
581698,-259
581706,-170
581714,-120
581722,-79
581730,-71
581738,-81
581746,-76
581754,-43
581762,-2
581770,10
581778,-12
581786,-23
581794,-20
581802,-18
581810,-30
581818,-31
581826,-12
581834,4
581842,0
581850,-17
581858,-43
581866,-82
581874,-124
581882,-153
581890,-169
581898,-184
581906,-161
581914,-102
581922,-36
581930,-13
581938,-31
581946,-60
581954,-62
581962,-50
581970,-47
581978,-56
581986,-69
581994,-76
582002,-64
582010,-62
582018,-76
582026,-73
582034,-53
582042,-34
582050,-41
582058,-74
582066,-109
582074,-117
582082,-110
582090,-72
582098,9
582106,37
582114,-108
582122,-280
582130,101
582138,1170
582146,1945
582154,1404
582162,-140
582170,-1340
582178,-1419
582186,-878
582194,-507
582202,-437
582210,-374
582218,-273
582226,-218
582234,-165
582242,-96
582250,-45
582258,-4
582266,6
582274,-9
582282,-25
582290,-28
582298,-20
582306,-17
582314,-18
582322,-7
582330,5
582338,15
582346,6
582354,-12
582362,-24
582370,-28
582378,-52
582386,-90
582394,-119
582402,-137
582410,-147
582418,-167
582426,-168
582434,-142
582442,-98
582450,-54
582458,-28
582466,-38
582474,-78
582482,-91
582490,-61
582498,-19
582506,-15
582514,-40
582522,-53
582530,-48
582538,-56
582546,-72
582554,-84
582562,-78
582570,-72
582578,-94
582586,-110
582594,-70
582602,-9
582610,-47
582618,-206
582626,-60
582634,816
582642,1807
582650,1742
582658,400
582666,-1093
582674,-1593
582682,-1149
582690,-583
582698,-357
582706,-294
582714,-230
582722,-199
582730,-157
582738,-90
582746,-56
582754,-44
582762,-38
582770,-33
582778,-22
582786,-26
582794,-34
582802,-23
582810,2
582818,23
582826,36
582834,33
582842,21
582850,15
582858,3
582866,-36
582874,-98
582882,-139
582890,-145
582898,-120
582906,-116
582914,-148
582922,-165
582930,-136
582938,-96
582946,-94
582954,-102
582962,-82
582970,-24
582978,13
582986,4
582994,-22
583002,-41
583010,-45
583018,-51
583026,-60
583034,-77
583042,-88
583050,-69
583058,-39
583066,-28
583074,-54
583082,-102
583090,-97
583098,-34
583106,-51
583114,-224
583122,-209
583130,544
583138,1680
583146,1979
583154,853
583162,-777
583170,-1546
583178,-1235
583186,-666
583194,-444
583202,-420
583210,-311
583218,-194
583226,-137
583234,-96
583242,-74
583250,-73
583258,-82
583266,-66
583274,-12
583282,39
583290,49
583298,20
583306,-8
583314,-16
583322,-10
583330,-2
583338,-2
583346,-24
583354,-51
583362,-51
583370,-39
583378,-47
583386,-78
583394,-108
583402,-124
583410,-129
583418,-134
583426,-117
583434,-83
583442,-79
583450,-110
583458,-114
583466,-58
583474,17
583482,48
583490,15
583498,-38
583506,-80
583514,-95
583522,-80
583530,-41
583538,-38
583546,-76
583554,-109
583562,-90
583570,-57
583578,-60
583586,-56
583594,-21
583602,-66
583610,-258
583618,-200
583626,646
583634,1799
583642,1984
583650,727
583658,-914
583666,-1597
583674,-1238
583682,-683
583690,-472
583698,-422
583706,-326
583714,-240
583722,-158
583730,-57
583738,-11
583746,-30
583754,-65
583762,-57
583770,-18
583778,-9
583786,-25
583794,-49
583802,-52
583810,-20
583818,21
583826,37
583834,20
583842,-14
583850,-35
583858,-40
583866,-51
583874,-94
583882,-146
583890,-162
583898,-134
583906,-91
583914,-72
583922,-79
583930,-85
583938,-80
583946,-70
583954,-68
583962,-57
583970,-35
583978,-18
583986,-33
583994,-70
584002,-95
584010,-72
584018,-28
584026,-7
584034,-35
584042,-82
584050,-99
584058,-94
584066,-97
584074,-67
584082,-17
584090,-51
584098,-228
584106,-195
584114,589
584122,1730
584130,1994
584138,839
584146,-792
584154,-1571
584162,-1291
584170,-744
584178,-501
584186,-418
584194,-261
584202,-141
584210,-113
584218,-108
584226,-91
584234,-59
584242,-43
584250,-49
584258,-51
584266,-35
584274,-10
584282,17
584290,30
584298,19
584306,1
584314,-17
584322,-33
584330,-46
584338,-48
584346,-35
584354,-31
584362,-63
584370,-100
584378,-117
584386,-124
584394,-132
584402,-128
584410,-101
584418,-69
584426,-59
584434,-71
584442,-77
584450,-59
584458,-36
584466,-19
584474,-18
584482,-29
584490,-46
584498,-55
584506,-62
584514,-67
584522,-71
584530,-83
584538,-83
584546,-84
584554,-78
584562,-39
584570,18
584578,-31
584586,-239
584594,-225
584602,566
584610,1715
584618,1974
584626,808
584634,-806
584642,-1546
584650,-1247
584658,-714
584666,-499
584674,-429
584682,-291
584690,-192
584698,-164
584706,-123
584714,-75
584722,-28
584730,4
584738,12
584746,5
584754,-7
584762,-20
584770,-29
584778,-28
584786,-15
584794,-6
584802,-20
584810,-51
584818,-56
584826,-21
584834,23
584842,17
584850,-43
584858,-109
584866,-139
584874,-134
584882,-116
584890,-107
584898,-107
584906,-110
584914,-97
584922,-70
584930,-37
584938,-16
584946,-14
584954,-21
584962,-47
584970,-75
584978,-81
584986,-68
584994,-58
585002,-55
585010,-52
585018,-51
585026,-60
585034,-80
585042,-107
585050,-83
585058,-20
585066,-17
585074,-180
585082,-241
585090,385
585098,1533
585106,2015
585114,1075
585122,-565
585130,-1512
585138,-1344
585146,-781
585154,-511
585162,-459
585170,-337
585178,-219
585186,-179
585194,-148
585202,-104
585210,-39
585218,5
585226,4
585234,-22
585242,-36
585250,-54
585258,-72
585266,-70
585274,-36
585282,3
585290,12
585298,-17
585306,-39
585314,-40
585322,-31
585330,-43
585338,-76
585346,-118
585354,-148
585362,-161
585370,-157
585378,-131
585386,-97
585394,-81
585402,-72
585410,-57
585418,-44
585426,-43
585434,-66
585442,-89
585450,-94
585458,-73
585466,-42
585474,-18
585482,-14
585490,-35
585498,-69
585506,-95
585514,-102
585522,-104
585530,-113
585538,-79
585546,-9
585554,-19
585562,-193
585570,-182
585578,579
585586,1693
585594,1942
585602,788
585610,-833
585618,-1591
585626,-1272
585634,-683
585642,-429
585650,-378
585658,-287
585666,-211
585674,-157
585682,-101
585690,-69
585698,-58
585706,-53
585714,-51
585722,-33
585730,-15
585738,-6
585746,5
585754,9
585762,11
585770,11
585778,-4
585786,-18
585794,-29
585802,-20
585810,-15
585818,-34
585826,-87
585834,-142
585842,-176
585850,-172
585858,-134
585866,-91
585874,-72
585882,-78
585890,-87
585898,-76
585906,-67
585914,-64
585922,-58
585930,-37
585938,-24
585946,-39
585954,-61
585962,-58
585970,-23
585978,-10
585986,-42
585994,-84
586002,-88
586010,-85
586018,-75
586026,-30
586034,-5
586042,-109
586050,-288
586058,-17
586066,1010
586074,1974
586082,1715
586090,236
586098,-1186
586106,-1529
586114,-1051
586122,-589
586130,-454
586138,-379
586146,-241
586154,-156
586162,-111
586170,-81
586178,-58
586186,-32
586194,-16
586202,-11
586210,-9
586218,-11
586226,-11
586234,-6
586242,2
586250,-5
586258,-8
586266,1
586274,7
586282,2
586290,-13
586298,-29
586306,-51
586314,-89
586322,-121
586330,-138
586338,-139
586346,-124
586354,-103
586362,-91
586370,-83
586378,-63
586386,-26
586394,-4
586402,-18
586410,-51
586418,-50
586426,-31
586434,-22
586442,-38
586450,-42
586458,-37
586466,-42
586474,-58
586482,-71
586490,-69
586498,-81
586506,-88
586514,-43
586522,-1
586530,-98
586538,-291
586546,-32
586554,1006
586562,1981
586570,1706
586578,196
586586,-1231
586594,-1550
586602,-1047
586610,-584
586618,-457
586626,-385
586634,-259
586642,-187
586650,-132
586658,-82
586666,-64
586674,-59
586682,-60
586690,-58
586698,-45
586706,-24
586714,-7
586722,-7
586730,-13
586738,-12
586746,-1
586754,-6
586762,-25
586770,-39
586778,-31
586786,-19
586794,-35
586802,-91
586810,-139
586818,-161
586826,-165
586834,-144
586842,-102
586850,-73
586858,-60
586866,-60
586874,-65
586882,-67
586890,-68
586898,-66
586906,-58
586914,-50
586922,-52
586930,-58
586938,-59
586946,-60
586954,-63
586962,-72
586970,-76
586978,-80
586986,-102
586994,-99
587002,-54
587010,-42
587018,-168
587026,-183
587034,464
587042,1579
587050,2003
587058,1019
587066,-620
587074,-1539
587082,-1353
587090,-786
587098,-504
587106,-432
587114,-308
587122,-186
587130,-128
587138,-92
587146,-82
587154,-78
587162,-54
587170,-26
587178,-11
587186,-17
587194,-27
587202,-12
587210,22
587218,40
587226,27
587234,3
587242,-18
587250,-24
587258,-18
587266,-17
587274,-36
587282,-83
587290,-129
587298,-148
587306,-146
587314,-146
587322,-142
587330,-120
587338,-86
587346,-72
587354,-72
587362,-65
587370,-43
587378,-40
587386,-52
587394,-47
587402,-27
587410,-17
587418,-31
587426,-43
587434,-42
587442,-41
587450,-66
587458,-98
587466,-105
587474,-108
587482,-103
587490,-55
587498,-11
587506,-95
587514,-287
587522,-46
587530,991
587538,2026
587546,1814
587554,292
587562,-1221
587570,-1600
587578,-1089
587586,-584
587594,-443
587602,-380
587610,-256
587618,-186
587626,-134
587634,-81
587642,-42
587650,-8
587658,5
587666,-7
587674,-18
587682,-22
587690,-30
587698,-38
587706,-32
587714,-23
587722,-19
587730,-17
587738,-18
587746,-21
587754,-34
587762,-49
587770,-51
587778,-45
587786,-66
587794,-106
587802,-127
587810,-113
587818,-75
587826,-48
587834,-47
587842,-56
587850,-54
587858,-35
587866,-22
587874,-24
587882,-45
587890,-65
587898,-73
587906,-69
587914,-66
587922,-62
587930,-54
587938,-51
587946,-49
587954,-31
587962,-38
587970,-74
587978,-73
587986,-53
587994,-113
588002,-271
588010,-63
588018,892
588026,1901
588034,1753
588042,340
588050,-1120
588058,-1531
588066,-1073
588074,-592
588082,-464
588090,-405
588098,-264
588106,-166
588114,-113
588122,-80
588130,-67
588138,-49
588146,-31
588154,-31
588162,-31
588170,-22
588178,-30
588186,-42
588194,-41
588202,-20
588210,-6
588218,-8
588226,-22
588234,-22
588242,-20
588250,-27
588258,-56
588266,-103
588274,-143
588282,-166
588290,-152
588298,-116
588306,-76
588314,-50
588322,-45
588330,-51
588338,-52
588346,-52
588354,-54
588362,-51
588370,-36
588378,-28
588386,-42
588394,-61
588402,-67
588410,-61
588418,-49
588426,-55
588434,-73
588442,-76
588450,-82
588458,-71
588466,-20
588474,0
588482,-125
588490,-239
588498,252
588506,1370
588514,2061
588522,1360
588530,-290
588538,-1470
588546,-1481
588554,-902
588562,-522
588570,-433
588578,-332
588586,-199
588594,-124
588602,-81
588610,-74
588618,-85
588626,-72
588634,-38
588642,-4
588650,8
588658,-14
588666,-27
588674,-7
588682,19
588690,-7
588698,-64
588706,-102
588714,-78
588722,-25
588730,-6
588738,-27
588746,-66
588754,-96
588762,-109
588770,-119
588778,-116
588786,-99
588794,-88
588802,-104
588810,-111
588818,-82
588826,-27
588834,2
588842,-5
588850,-22
588858,-28
588866,-49
588874,-86
588882,-95
588890,-62
588898,-17
588906,-8
588914,-42
588922,-71
588930,-57
588938,-43
588946,-44
588954,-40
588962,-70
588970,-225
588978,-240
588986,461
588994,1645
589002,2082
589010,1041
589018,-663
589026,-1594
589034,-1373
589042,-786
589050,-525
589058,-478
589066,-343
589074,-189
589082,-102
589090,-65
589098,-74
589106,-93
589114,-83
589122,-38
589130,9
589138,21
589146,-7
589154,-31
589162,-36
589170,-28
589178,-33
589186,-49
589194,-60
589202,-53
589210,-39
589218,-28
589226,-28
589234,-46
589242,-82
589250,-96
589258,-98
589266,-97
589274,-102
589282,-105
589290,-83
589298,-41
589306,-11
589314,-13
589322,-33
589330,-65
589338,-91
589346,-81
589354,-45
589362,-15
589370,-13
589378,-26
589386,-36
589394,-47
589402,-79
589410,-91
589418,-89
589426,-105
589434,-84
589442,-27
589450,-58
589458,-220
589466,-87
589474,782
589482,1787
589490,1759
589498,451
589506,-1012
589514,-1486
589522,-1074
589530,-599
589538,-441
589546,-382
589554,-277
589562,-231
589570,-195
589578,-112
589586,-34
589594,-6
589602,-27
589610,-42
589618,-24
589626,-3
589634,-9
589642,-28
589650,-51
589658,-49
589666,-15
589674,6
589682,-23
589690,-63
589698,-62
589706,-29
589714,-18
589722,-52
589730,-100
589738,-136
589746,-157
589754,-150
589762,-111
589770,-65
589778,-55
589786,-77
589794,-89
589802,-73
589810,-51
589818,-34
589826,-31
589834,-34
589842,-40
589850,-47
589858,-49
589866,-45
589874,-54
589882,-86
589890,-110
589898,-100
589906,-79
589914,-37
589922,19
589930,14
589938,-158
589946,-261
589954,284
589962,1404
589970,1979
589978,1174
589986,-432
589994,-1466
590002,-1374
590010,-800
590018,-460
590026,-381
590034,-303
590042,-216
590050,-171
590058,-135
590066,-122
590074,-111
590082,-69
590090,-13
590098,28
590106,31
590114,12
590122,-7
590130,-14
590138,-11
590146,-12
590154,-27
590162,-41
590170,-28
590178,1
590186,19
590194,-3
590202,-63
590210,-124
590218,-153
590226,-159
590234,-158
590242,-156
590250,-121
590258,-64
590266,-39
590274,-59
590282,-72
590290,-47
590298,-17
590306,-27
590314,-54
590322,-67
590330,-54
590338,-31
590346,-17
590354,-34
590362,-82
590370,-120
590378,-101
590386,-64
590394,-29
590402,9
590410,12
590418,-125
590426,-316
590434,11
590442,1093
590450,1996
590458,1598
590466,48
590474,-1295
590482,-1502
590490,-967
590498,-540
590506,-452
590514,-385
590522,-260
590530,-180
590538,-115
590546,-69
590554,-43
590562,-26
590570,-30
590578,-38
590586,-33
590594,-21
590602,-18
590610,-31
590618,-45
590626,-35
590634,-2
590642,21
590650,13
590658,-14
590666,-37
590674,-45
590682,-56
590690,-95
590698,-145
590706,-177
590714,-161
590722,-107
590730,-59
590738,-51
590746,-69
590754,-63
590762,-54
590770,-71
590778,-86
590786,-65
590794,-18
590802,-1
590810,-20
590818,-48
590826,-48
590834,-38
590842,-67
590850,-114
590858,-125
590866,-102
590874,-67
590882,-11
590890,30
590898,-42
590906,-248
590914,-143
590922,730
590930,1812
590938,1874
590946,573
590954,-991
590962,-1568
590970,-1163
590978,-617
590986,-429
590994,-389
591002,-297
591010,-220
591018,-168
591026,-115
591034,-74
591042,-35
591050,-16
591058,-11
591066,-9
591074,-12
591082,-30
591090,-52
591098,-49
591106,-15
591114,12
591122,8
591130,-14
591138,-33
591146,-37
591154,-42
591162,-57
591170,-97
591178,-133
591186,-141
591194,-109
591202,-72
591210,-63
591218,-73
591226,-80
591234,-77
591242,-63
591250,-55
591258,-63
591266,-69
591274,-54
591282,-26
591290,-17
591298,-26
591306,-40
591314,-59
591322,-86
591330,-115
591338,-104
591346,-74
591354,-77
591362,-71
591370,-24
591378,-21
591386,-189
591394,-197
591402,545
591410,1690
591418,1983
591426,835
591434,-797
591442,-1571
591450,-1283
591458,-730
591466,-485
591474,-398
591482,-263
591490,-177
591498,-149
591506,-111
591514,-88
591522,-81
591530,-79
591538,-64
591546,-24
591554,17
591562,30
591570,8
591578,-24
591586,-40
591594,-37
591602,-36
591610,-46
591618,-61
591626,-58
591634,-36
591642,-21
591650,-30
591658,-64
591666,-110
591674,-141
591682,-139
591690,-119
591698,-99
591706,-72
591714,-48
591722,-26
591730,-34
591738,-64
591746,-75
591754,-47
591762,-25
591770,-40
591778,-77
591786,-90
591794,-72
591802,-49
591810,-51
591818,-70
591826,-76
591834,-77
591842,-86
591850,-67
591858,-17
591866,-45
591874,-241
591882,-250
591890,527
591898,1720
591906,2031
591914,870
591922,-799
591930,-1586
591938,-1283
591946,-716
591954,-494
591962,-445
591970,-307
591978,-185
591986,-142
591994,-120
592002,-97
592010,-57
592018,-12
592026,-7
592034,-13
592042,-13
592050,-11
592058,-22
592066,-35
592074,-42
592082,-36
592090,-28
592098,-32
592106,-45
592114,-47
592122,-31
592130,-25
592138,-50
592146,-95
592154,-125
592162,-118
592170,-108
592178,-99
592186,-84
592194,-87
592202,-107
592210,-109
592218,-56
592226,12
592234,34
592242,-4
592250,-53
592258,-78
592266,-79
592274,-71
592282,-50
592290,-40
592298,-61
592306,-83
592314,-88
592322,-104
592330,-141
592338,-112
592346,2
592354,60
592362,-115
592370,-229
592378,385
592386,1540
592394,2005
592402,1025
592410,-628
592418,-1554
592426,-1353
592434,-783
592442,-503
592450,-417
592458,-270
592466,-151
592474,-117
592482,-113
592490,-113
592498,-91
592506,-44
592514,-3
592522,8
592530,-13
592538,-43
592546,-53
592554,-49
592562,-31
592570,-11
592578,-6
592586,-14
592594,-20
592602,-19
592610,-25
592618,-49
592626,-67
592634,-96
592642,-149
592650,-190
592658,-159
592666,-75
592674,-16
592682,-36
592690,-78
592698,-90
592706,-84
592714,-93
592722,-97
592730,-67
592738,-15
592746,5
592754,-19
592762,-61
592770,-87
592778,-92
592786,-82
592794,-69
592802,-73
592810,-81
592818,-68
592826,-62
592834,-58
592842,-27
592850,-13
592858,-123
592866,-296
592874,-15
592882,1014
592890,1958
592898,1679
592906,198
592914,-1206
592922,-1523
592930,-1036
592938,-574
592946,-445
592954,-396
592962,-280
592970,-185
592978,-119
592986,-84
592994,-73
593002,-39
593010,-5
593018,2
593026,-21
593034,-47
593042,-44
593050,-20
593058,-18
593066,-44
593074,-65
593082,-40
593090,15
593098,42
593106,7
593114,-46
593122,-79
593130,-101
593138,-123
593146,-145
593154,-161
593162,-146
593170,-91
593178,-40
593186,-40
593194,-68
593202,-74
593210,-56
593218,-51
593226,-72
593234,-79
593242,-49
593250,-24
593258,-32
593266,-58
593274,-71
593282,-60
593290,-54
593298,-72
593306,-97
593314,-91
593322,-67
593330,-54
593338,-27
593346,-2
593354,-92
593362,-301
593370,-118
593378,863
593386,1917
593394,1807
593402,388
593410,-1113
593418,-1548
593426,-1094
593434,-608
593442,-465
593450,-405
593458,-275
593466,-183
593474,-130
593482,-81
593490,-47
593498,-23
593506,-18
593514,-24
593522,-26
593530,-21
593538,-16
593546,-21
593554,-6
593562,11
593570,20
593578,6
593586,-24
593594,-43
593602,-31
593610,-36
593618,-72
593626,-108
593634,-114
593642,-96
593650,-94
593658,-115
593666,-127
593674,-107
593682,-85
593690,-72
593698,-60
593706,-57
593714,-60
593722,-58
593730,-42
593738,-3
593746,21
593754,0
593762,-50
593770,-70
593778,-50
593786,-28
593794,-36
593802,-71
593810,-99
593818,-99
593826,-105
593834,-89
593842,-32
593850,-18
593858,-157
593866,-231
593874,333
593882,1473
593890,2066
593898,1251
593906,-399
593914,-1488
593922,-1449
593930,-882
593938,-527
593946,-428
593954,-310
593962,-201
593970,-152
593978,-107
593986,-82
593994,-74
594002,-59
594010,-46
594018,-29
594026,-9
594034,-10
594042,-27
594050,-29
594058,-5
594066,18
594074,5
594082,-42
594090,-74
594098,-53
594106,-16
594114,-26
594122,-86
594130,-137
594138,-131
594146,-87
594154,-66
594162,-84
594170,-105
594178,-99
594186,-79
594194,-61
594202,-55
594210,-70
594218,-70
594226,-49
594234,-24
594242,-25
594250,-48
594258,-53
594266,-42
594274,-59
594282,-97
594290,-104
594298,-68
594306,-37
594314,-48
594322,-72
594330,-89
594338,-62
594346,-31
594354,-56
594362,-191
594370,-328
594378,96
594386,1253
594394,2134
594402,1630
594410,-16
594418,-1385
594426,-1573
594434,-1028
594442,-606
594450,-484
594458,-344
594466,-178
594474,-126
594482,-114
594490,-94
594498,-74
594506,-57
594514,-50
594522,-44
594530,-30
594538,-16
594546,-12
594554,-22
594562,-19
594570,8
594578,39
594586,24
594594,-34
594602,-77
594610,-62
594618,-21
594626,-30
594634,-92
594642,-145
594650,-142
594658,-102
594666,-77
594674,-81
594682,-94
594690,-101
594698,-85
594706,-58
594714,-33
594722,-33
594730,-56
594738,-74
594746,-68
594754,-38
594762,-17
594770,-18
594778,-37
594786,-64
594794,-86
594802,-91
594810,-79
594818,-48
594826,-27
594834,-38
594842,-62
594850,-73
594858,-87
594866,-64
594874,-22
594882,-39
594890,-229
594898,-319
594906,343
594914,1604
594922,2192
594930,1236
594938,-530
594946,-1588
594954,-1441
594962,-835
594970,-514
594978,-436
594986,-313
594994,-208
595002,-164
595010,-121
595018,-75
595026,-51
595034,-47
595042,-43
595050,-21
595058,0
595066,3
595074,-23
595082,-55
595090,-58
595098,-25
595106,2
595114,10
595122,-6
595130,-32
595138,-39
595146,-29
595154,-44
595162,-83
595170,-136
595178,-158
595186,-141
595194,-103
595202,-67
595210,-41
595218,-35
595226,-50
595234,-67
595242,-65
595250,-65
595258,-77
595266,-82
595274,-58
595282,-27
595290,-19
595298,-28
595306,-48
595314,-61
595322,-73
595330,-70
595338,-65
595346,-76
595354,-84
595362,-70
595370,-54
595378,-54
595386,-72
595394,-78
595402,-62
595410,-56
595418,-61
595426,-23
595434,2
595442,-134
595450,-334
595458,12
595466,1149
595474,2107
595482,1688
595490,62
595498,-1343
595506,-1554
595514,-1003
595522,-573
595530,-473
595538,-390
595546,-255
595554,-171
595562,-110
595570,-67
595578,-40
595586,-21
595594,-26
595602,-51
595610,-66
595618,-52
595626,-20
595634,3
595642,2
595650,-2
595658,-7
595666,-14
595674,-25
595682,-30
595690,-26
595698,-22
595706,-38
595714,-72
595722,-102
595730,-133
595738,-159
595746,-155
595754,-122
595762,-91
595770,-73
595778,-77
595786,-70
595794,-46
595802,-26
595810,-44
595818,-71
595826,-75
595834,-52
595842,-33
595850,-50
595858,-77
595866,-79
595874,-61
595882,-50
595890,-61
595898,-67
595906,-65
595914,-77
595922,-93
595930,-99
595938,-86
595946,-64
595954,-36
595962,-20
595970,-33
595978,-53
595986,-70
595994,-83
596002,-51
596010,-2
596018,-66
596026,-286
596034,-192
596042,746
596050,1937
596058,2051
596066,682
596074,-1002
596082,-1639
596090,-1226
596098,-678
596106,-503
596114,-448
596122,-304
596130,-184
596138,-132
596146,-102
596154,-77
596162,-46
596170,-19
596178,-11
596186,-18
596194,-30
596202,-42
596210,-39
596218,-10
596226,19
596234,24
596242,2
596250,-7
596258,-8
596266,-15
596274,-22
596282,-28
596290,-41
596298,-84
596306,-149
596314,-195
596322,-191
596330,-142
596338,-98
596346,-90
596354,-105
596362,-96
596370,-59
596378,-31
596386,-40
596394,-44
596402,-44
596410,-48
596418,-55
596426,-46
596434,-18
596442,-13
596450,-44
596458,-75
596466,-74
596474,-68
596482,-71
596490,-76
596498,-71
596506,-59
596514,-46
596522,-41
596530,-40
596538,-48
596546,-85
596554,-96
596562,-24
596570,23
596578,-136
596586,-309
596594,172
596602,1381
596610,2151
596618,1436
596626,-279
596634,-1485
596642,-1474
596650,-885
596658,-534
596666,-465
596674,-366
596682,-231
596690,-160
596698,-103
596706,-69
596714,-57
596722,-47
596730,-36
596738,-19
596746,-12
596754,-18
596762,-16
596770,-8
596778,19
596786,46
596794,39
596802,0
596810,-32
596818,-15
596826,18
596834,13
596842,-49
596850,-126
596858,-178
596866,-199
596874,-196
596882,-172
596890,-137
596898,-114
596906,-100
596914,-82
596922,-62
596930,-49
596938,-50
596946,-50
596954,-39
596962,-35
596970,-36
596978,-36
596986,-36
596994,-34
597002,-42
597010,-54
597018,-59
597026,-67
597034,-71
597042,-78
597050,-72
597058,-58
597066,-43
597074,-43
597082,-64
597090,-86
597098,-77
597106,-70
597114,-74
597122,-41
597130,8
597138,-77
597146,-289
597154,-74
597162,978
597170,2076
597178,1911
597186,365
597194,-1217
597202,-1644
597210,-1142
597218,-631
597226,-480
597234,-410
597242,-272
597250,-184
597258,-132
597266,-92
597274,-82
597282,-72
597290,-52
597298,-22
597306,-2
597314,3
597322,-1
597330,-9
597338,-9
597346,-2
597354,13
597362,21
597370,8
597378,-9
597386,-13
597394,-7
597402,-24
597410,-74
597418,-126
597426,-153
597434,-158
597442,-147
597450,-136
597458,-123
597466,-109
597474,-97
597482,-81
597490,-61
597498,-44
597506,-39
597514,-41
597522,-42
597530,-53
597538,-58
597546,-50
597554,-38
597562,-35
597570,-43
597578,-56
597586,-65
597594,-66
597602,-63
597610,-66
597618,-62
597626,-50
597634,-39
597642,-43
597650,-62
597658,-81
597666,-83
597674,-89
597682,-86
597690,-24
597698,21
597706,-103
597714,-333
597722,-64
597730,1069
597738,2175
597746,1937
597754,314
597762,-1277
597770,-1679
597778,-1161
597786,-648
597794,-492
597802,-400
597810,-256
597818,-191
597826,-161
597834,-108
597842,-48
597850,0
597858,5
597866,-16
597874,-36
597882,-36
597890,-31
597898,-16
597906,-2
597914,9
597922,18
597930,11
597938,-18
597946,-47
597954,-40
597962,-7
597970,9
597978,-35
597986,-112
597994,-162
598002,-168
598010,-153
598018,-144
598026,-129
598034,-100
598042,-75
598050,-62
598058,-59
598066,-61
598074,-52
598082,-35
598090,-29
598098,-35
598106,-46
598114,-60
598122,-69
598130,-67
598138,-68
598146,-76
598154,-73
598162,-55
598170,-43
598178,-46
598186,-65
598194,-66
598202,-49
598210,-41
598218,-55
598226,-71
598234,-76
598242,-65
598250,-76
598258,-68
598266,-16
598274,-15
598282,-186
598290,-309
598298,275
598306,1519
598314,2217
598322,1383
598330,-385
598338,-1565
598346,-1515
598354,-909
598362,-544
598370,-454
598378,-342
598386,-223
598394,-175
598402,-128
598410,-83
598418,-60
598426,-57
598434,-59
598442,-40
598450,-17
598458,-8
598466,-10
598474,-13
598482,-9
598490,2
598498,5
598506,-5
598514,-23
598522,-22
598530,2
598538,13
598546,-31
598554,-108
598562,-164
598570,-180
598578,-177
598586,-160
598594,-130
598602,-99
598610,-90
598618,-94
598626,-79
598634,-61
598642,-55
598650,-59
598658,-59
598666,-55
598674,-59
598682,-69
598690,-75
598698,-69
598706,-63
598714,-65
598722,-70
598730,-70
598738,-73
598746,-67
598754,-54
598762,-43
598770,-43
598778,-56
598786,-66
598794,-67
598802,-86
598810,-82
598818,-14
598826,19
598834,-137
598842,-270
598850,250
598858,1440
598866,2151
598874,1399
598882,-308
598890,-1498
598898,-1487
598906,-898
598914,-527
598922,-442
598930,-341
598938,-211
598946,-154
598954,-119
598962,-83
598970,-47
598978,-22
598986,-23
598994,-26
599002,-18
599010,-15
599018,-20
599026,-24
599034,-14
599042,11
599050,26
599058,31
599066,16
599074,0
599082,-9
599090,-23
599098,-56
599106,-111
599114,-168
599122,-184
599130,-171
599138,-134
599146,-110
599154,-98
599162,-86
599170,-69
599178,-60
599186,-61
599194,-57
599202,-42
599210,-29
599218,-19
599226,-23
599234,-35
599242,-55
599250,-68
599258,-69
599266,-60
599274,-55
599282,-58
599290,-66
599298,-78
599306,-71
599314,-48
599322,-34
599330,-39
599338,-58
599346,-65
599354,-54
599362,-62
599370,-53
599378,-2
599386,-3
599394,-168
599402,-270
599410,297
599418,1475
599426,2116
599434,1316
599442,-356
599450,-1468
599458,-1418
599466,-837
599474,-479
599482,-401
599490,-308
599498,-197
599506,-142
599514,-100
599522,-81
599530,-73
599538,-67
599546,-61
599554,-56
599562,-53
599570,-44
599578,-24
599586,-8
599594,-1
599602,-8
599610,-20
599618,-31
599626,-35
599634,-27
599642,-6
599650,4
599658,-12
599666,-60
599674,-130
599682,-185
599690,-210
599698,-197
599706,-159
599714,-111
599722,-74
599730,-55
599738,-48
599746,-41
599754,-29
599762,-18
599770,-22
599778,-37
599786,-41
599794,-35
599802,-36
599810,-51
599818,-70
599826,-71
599834,-60
599842,-60
599850,-72
599858,-83
599866,-76
599874,-48
599882,-29
599890,-47
599898,-80
599906,-96
599914,-90
599922,-95
599930,-77
599938,-22
599946,-25
599954,-205
599962,-277
599970,368
599978,1527
599986,2009
599994,1056
600002,-581
600010,-1507
600018,-1325
600026,-756
600034,-475
600042,-423
600050,-327
600058,-227
600066,-178
600074,-137
600082,-105
600090,-81
600098,-52
600106,-28
600114,-22
600122,-22
600130,-13
600138,3
600146,14
600154,7
600162,-10
600170,-14
600178,-2
600186,12
600194,25
600202,32
600210,25
600218,-1
600226,-50
600234,-102
600242,-136
600250,-141
600258,-138
600266,-134
600274,-129
600282,-117
600290,-94
600298,-74
600306,-68
600314,-68
600322,-62
600330,-55
600338,-58
600346,-69
600354,-76
600362,-69
600370,-56
600378,-61
600386,-83
600394,-99
600402,-89
600410,-57
600418,-40
600426,-59
600434,-104
600442,-156
600450,-163
600458,-113
600466,-58
600474,-9
600482,24
600490,-15
600498,-203
600506,-319
600514,234
600522,1403
600530,2074
600538,1329
600546,-295
600554,-1391
600562,-1347
600570,-796
600578,-479
600586,-416
600594,-306
600602,-185
600610,-135
600618,-105
600626,-83
600634,-65
600642,-56
600650,-56
600658,-44
600666,-22
600674,-2
600682,9
600690,4
600698,2
600706,4
600714,5
600722,4
600730,14
600738,41
600746,52
600754,21
600762,-57
600770,-148
600778,-216
600786,-241
600794,-234
600802,-208
600810,-174
600818,-137
600826,-98
600834,-68
600842,-48
600850,-38
600858,-44
600866,-68
600874,-89
600882,-87
600890,-81
600898,-84
600906,-89
600914,-89
600922,-90
600930,-103
600938,-101
600946,-86
600954,-69
600962,-63
600970,-70
600978,-79
600986,-87
600994,-92
601002,-101
601010,-58
601018,23
601026,-21
601034,-260
601042,-277
601050,519
601058,1674
601066,1921
601074,754
601082,-825
601090,-1511
601098,-1180
601106,-649
601114,-429
601122,-361
601130,-247
601138,-167
601146,-129
601154,-90
601162,-67
601170,-45
601178,-24
601186,-19
601194,-20
601202,-15
601210,5
601218,24
601226,34
601234,20
601242,4
601250,-3
601258,12
601266,38
601274,59
601282,52
601290,18
601298,-47
601306,-116
601314,-171
601322,-191
601330,-183
601338,-162
601346,-142
601354,-108
601362,-63
601370,-36
601378,-40
601386,-52
601394,-50
601402,-42
601410,-48
601418,-59
601426,-46
601434,-31
601442,-39
601450,-59
601458,-68
601466,-61
601474,-44
601482,-36
601490,-32
601498,-38
601506,-41
601514,-43
601522,-60
601530,-53
601538,-17
601546,-39
601554,-195
601562,-210
601570,479
601578,1617
601586,2040
601594,1050
601602,-597
601610,-1521
601618,-1320
601626,-714
601634,-406
601642,-355
601650,-288
601658,-215
601666,-174
601674,-132
601682,-94
601690,-51
601698,-22
601706,-20
601714,-21
601722,-23
601730,-11
601738,7
601746,18
601754,19
601762,9
601770,6
601778,21
601786,37
601794,47
601802,43
601810,19
601818,-45
601826,-135
601834,-193
601842,-198
601850,-174
601858,-155
601866,-141
601874,-122
601882,-95
601890,-72
601898,-55
601906,-40
601914,-30
601922,-20
601930,-13
601938,-13
601946,-32
601954,-62
601962,-87
601970,-100
601978,-90
601986,-66
601994,-55
602002,-68
602010,-89
602018,-98
602026,-90
602034,-90
602042,-69
602050,-4
602058,1
602066,-180
602074,-307
602082,248
602090,1477
602098,2194
602106,1423
602114,-312
602122,-1530
602130,-1534
602138,-941
602146,-549
602154,-452
602162,-346
602170,-232
602178,-188
602186,-154
602194,-103
602202,-65
602210,-43
602218,-49
602226,-44
602234,-10
602242,12
602250,1
602258,-19
602266,-15
602274,9
602282,17
602290,13
602298,3
602306,7
602314,25
602322,15
602330,-34
602338,-115
602346,-175
602354,-193
602362,-181
602370,-157
602378,-130
602386,-94
602394,-68
602402,-67
602410,-77
602418,-75
602426,-53
602434,-28
602442,-22
602450,-35
602458,-55
602466,-76
602474,-97
602482,-101
602490,-62
602498,-6
602506,26
602514,-1
602522,-60
602530,-93
602538,-103
602546,-105
602554,-69
602562,-11
602570,-57
602578,-269
602586,-255
602594,551
602602,1759
602610,2073
602618,909
602626,-776
602634,-1599
602642,-1323
602650,-747
602658,-490
602666,-422
602674,-304
602682,-214
602690,-165
602698,-100
602706,-42
602714,-10
602722,-13
602730,-46
602738,-68
602746,-54
602754,-18
602762,11
602770,10
602778,-2
602786,14
602794,30
602802,18
602810,-3
602818,6
602826,31
602834,21
602842,-45
602850,-118
602858,-176
602866,-202
602874,-202
602882,-169
602890,-105
602898,-53
602906,-28
602914,-38
602922,-56
602930,-56
602938,-49
602946,-38
602954,-38
602962,-50
602970,-55
602978,-64
602986,-72
602994,-72
603002,-50
603010,-22
603018,-12
603026,-27
603034,-60
603042,-88
603050,-95
603058,-89
603066,-45
603074,-10
603082,-87
603090,-288
603098,-154
603106,778
603114,1903
603122,1956
603130,615
603138,-997
603146,-1607
603154,-1209
603162,-665
603170,-487
603178,-451
603186,-322
603194,-175
603202,-68
603210,-19
603218,-46
603226,-73
603234,-69
603242,-53
603250,-40
603258,-31
603266,-18
603274,-13
603282,-16
603290,-7
603298,18
603306,40
603314,27
603322,3
603330,3
603338,10
603346,-13
603354,-77
603362,-135
603370,-155
603378,-164
603386,-164
603394,-155
603402,-131
603410,-110
603418,-91
603426,-67
603434,-48
603442,-39
603450,-35
603458,-32
603466,-33
603474,-44
603482,-59
603490,-75
603498,-96
603506,-102
603514,-69
603522,-28
603530,-16
603538,-36
603546,-66
603554,-77
603562,-89
603570,-105
603578,-67
603586,5
603594,-35
603602,-254
603610,-242
603618,577
603626,1774
603634,2042
603642,831
603650,-838
603658,-1587
603666,-1260
603674,-698
603682,-486
603690,-445
603698,-319
603706,-203
603714,-142
603722,-101
603730,-96
603738,-98
603746,-62
603754,-6
603762,22
603770,5
603778,-20
603786,-34
603794,-15
603802,-1
603810,-7
603818,-25
603826,-28
603834,-3
603842,39
603850,52
603858,1
603866,-79
603874,-136
603882,-168
603890,-187
603898,-197
603906,-178
603914,-127
603922,-72
603930,-44
603938,-57
603946,-71
603954,-69
603962,-55
603970,-52
603978,-65
603986,-73
603994,-57
604002,-31
604010,-22
604018,-40
604026,-56
604034,-62
604042,-72
604050,-73
604058,-68
604066,-74
604074,-77
604082,-86
604090,-67
604098,4
604106,38
604114,-118
604122,-349
604130,-29
604138,1103
604146,2098
604154,1765
604162,184
604170,-1255
604178,-1560
604186,-1063
604194,-615
604202,-488
604210,-395
604218,-251
604226,-170
604234,-137
604242,-109
604250,-65
604258,-19
604266,-6
604274,-23
604282,-31
604290,-15
604298,-20
604306,-42
604314,-36
604322,18
604330,77
604338,81
604346,36
604354,-4
604362,0
604370,7
604378,-51
604386,-147
604394,-199
604402,-162
604410,-109
604418,-98
604426,-116
604434,-123
604442,-114
604450,-99
604458,-69
604466,-19
604474,6
604482,-21
604490,-55
604498,-54
604506,-47
604514,-54
604522,-67
604530,-63
604538,-47
604546,-21
604554,-17
604562,-36
604570,-69
604578,-93
604586,-89
604594,-72
604602,-78
604610,-50
604618,31
604626,50
604634,-139
604642,-342
604650,107
604658,1326
604666,2204
604674,1632
604682,-72
604690,-1450
604698,-1627
604706,-1061
604714,-591
604722,-435
604730,-327
604738,-212
604746,-163
604754,-135
604762,-117
604770,-92
604778,-38
604786,-8
604794,-15
604802,-35
604810,-31
604818,-14
604826,-3
604834,-1
604842,2
604850,4
604858,4
604866,4
604874,12
604882,16
604890,-23
604898,-96
604906,-143
604914,-127
604922,-99
604930,-111
604938,-131
604946,-114
604954,-101
604962,-118
604970,-116
604978,-59
604986,-5
604994,-16
605002,-63
605010,-76
605018,-57
605026,-48
605034,-48
605042,-43
605050,-55
605058,-80
605066,-82
605074,-56
605082,-30
605090,-24
605098,-37
605106,-52
605114,-59
605122,-81
605130,-106
605138,-132
605146,-101
605154,-8
605162,25
605170,-137
605178,-301
605186,204
605194,1438
605202,2237
605210,1530
605218,-234
605226,-1537
605234,-1595
605242,-989
605250,-574
605258,-476
605266,-369
605274,-234
605282,-167
605290,-116
605298,-81
605306,-66
605314,-53
605322,-45
605330,-38
605338,-35
605346,-29
605354,-19
605362,-7
605370,2
605378,5
605386,7
605394,5
605402,0
605410,-6
605418,-1
605426,-6
605434,-36
605442,-90
605450,-139
605458,-161
605466,-150
605474,-130
605482,-115
605490,-105
605498,-95
605506,-72
605514,-55
605522,-55
605530,-63
605538,-62
605546,-48
605554,-49
605562,-68
605570,-75
605578,-50
605586,-14
605594,-9
605602,-43
605610,-74
605618,-78
605626,-66
605634,-65
605642,-68
605650,-55
605658,-37
605666,-39
605674,-63
605682,-87
605690,-76
605698,-71
605706,-77
605714,-40
605722,6
605730,-76
605738,-290
605746,-97
605754,957
605762,2117
605770,2034
605778,486
605786,-1196
605794,-1732
605802,-1255
605810,-696
605818,-506
605826,-424
605834,-282
605842,-196
605850,-145
605858,-99
605866,-77
605874,-66
605882,-57
605890,-45
605898,-35
605906,-31
605914,-27
605922,-17
605930,-8
605938,-4
605946,-4
605954,-4
605962,-10
605970,-18
605978,-19
605986,-17
605994,-28
606002,-62
606010,-115
606018,-155
606026,-172
606034,-159
606042,-139
606050,-113
606058,-90
606066,-74
606074,-65
606082,-67
606090,-66
606098,-62
606106,-53
606114,-48
606122,-49
606130,-54
606138,-56
606146,-60
606154,-57
606162,-63
606170,-71
606178,-78
606186,-73
606194,-61
606202,-54
606210,-55
606218,-66
606226,-77
606234,-76
606242,-70
606250,-62
606258,-56
606266,-52
606274,-54
606282,-61
606290,-71
606298,-68
606306,-59
606314,-64
606322,-45
606330,10
606338,-14
606346,-212
606354,-249
606362,500
606370,1743
606378,2180
606386,1067
606394,-706
606402,-1657
606410,-1422
606418,-814
606426,-516
606434,-442
606442,-324
606450,-215
606458,-170
606466,-143
606474,-124
606482,-97
606490,-47
606498,-4
606506,27
606514,39
606522,30
606530,9
606538,-23
606546,-35
606554,-16
606562,10
606570,31
606578,37
606586,32
606594,25
606602,18
606610,-10
606618,-78
606626,-156
606634,-201
606642,-215
606650,-180
606658,-127
606666,-85
606674,-71
606682,-89
606690,-114
606698,-117
606706,-86
606714,-47
606722,-35
606730,-58
606738,-91
606746,-90
606754,-61
606762,-37
606770,-34
606778,-50
606786,-59
606794,-74
606802,-83
606810,-74
606818,-54
606826,-37
606834,-33
606842,-54
606850,-87
606858,-103
606866,-82
606874,-43
606882,-27
606890,-45
606898,-75
606906,-89
606914,-61
606922,-32
606930,-24
606938,6
606946,40
606954,-31
606962,-234
606970,-131
606978,774
606986,1943
606994,2074
607002,739
607010,-948
607018,-1646
607026,-1283
607034,-715
607042,-484
607050,-420
607058,-304
607066,-216
607074,-155
607082,-92
607090,-46
607098,-26
607106,-17
607114,-26
607122,-42
607130,-49
607138,-38
607146,-21
607154,-3
607162,9
607170,29
607178,52
607186,44
607194,3
607202,-40
607210,-58
607218,-55
607226,-68
607234,-105
607242,-158
607250,-195
607258,-215
607266,-196
607274,-152
607282,-112
607290,-90
607298,-85
607306,-74
607314,-54
607322,-46
607330,-51
607338,-59
607346,-57
607354,-49
607362,-50
607370,-53
607378,-57
607386,-57
607394,-49
607402,-44
607410,-52
607418,-82
607426,-111
607434,-97
607442,-47
607450,-9
607458,-22
607466,-54
607474,-75
607482,-70
607490,-54
607498,-42
607506,-40
607514,-46
607522,-64
607530,-69
607538,-50
607546,-48
607554,-73
607562,-57
607570,-2
607578,-58
607586,-210
607594,75
607602,1151
607610,2183
607618,1885
607626,223
607634,-1377
607642,-1725
607650,-1138
607658,-613
607666,-495
607674,-443
607682,-287
607690,-160
607698,-106
607706,-97
607714,-95
607722,-68
607730,-26
607738,2
607746,3
607754,-12
607762,-18
607770,-7
607778,5
607786,8
607794,2
607802,3
607810,10
607818,15
607826,20
607834,8
607842,-22
607850,-76
607858,-129
607866,-168
607874,-195
607882,-209
607890,-191
607898,-145
607906,-113
607914,-132
607922,-150
607930,-89
607938,2
607946,23
607954,-48
607962,-100
607970,-100
607978,-94
607986,-109
607994,-94
608002,-43
608010,-13
608018,-43
608026,-75
608034,-83
608042,-81
608050,-97
608058,-114
608066,-92
608074,-28
608082,-3
608090,-34
608098,-88
608106,-109
608114,-96
608122,-87
608130,-98
608138,-80
608146,-35
608154,-15
608162,-29
608170,-53
608178,-56
608186,-22
608194,-32
608202,-172
608210,-275
608218,242
608226,1493
608234,2388
608242,1745
608250,-119
608258,-1635
608266,-1809
608274,-1141
608282,-598
608290,-446
608298,-370
608306,-250
608314,-182
608322,-147
608330,-104
608338,-48
608346,16
608354,39
608362,4
608370,-41
608378,-53
608386,-36
608394,-5
608402,51
608410,108
608418,107
608426,56
608434,-5
608442,-22
608450,18
608458,28
608466,-29
608474,-83
608482,-101
608490,-111
608498,-162
608506,-204
608514,-175
608522,-109
608530,-86
608538,-94
608546,-87
608554,-37
608562,-12
608570,-26
608578,-57
608586,-72
608594,-32
608602,-2
608610,-52
608618,-120
608626,-113
608634,-16
608642,42
608650,-6
608658,-85
608666,-99
608674,-62
608682,-51
608690,-66
608698,-76
608706,-85
608714,-62
608722,-27
608730,-20
608738,-40
608746,-46
608754,-34
608762,-34
608770,-47
608778,-61
608786,-70
608794,-54
608802,-36
608810,-58
608818,-192
608826,-196
608834,554
608842,1886
608850,2444
608858,1303
608866,-692
608874,-1858
608882,-1653
608890,-930
608898,-552
608906,-481
608914,-348
608922,-223
608930,-186
608938,-157
608946,-113
608954,-65
608962,-29
608970,-24
608978,-45
608986,-47
608994,-7
609002,3
609010,-54
609018,-92
609026,-21
609034,104
609042,149
609050,94
609058,21
609066,-3
609074,-17
609082,-60
609090,-116
609098,-170
609106,-213
609114,-236
609122,-228
609130,-183
609138,-121
609146,-72
609154,-62
609162,-70
609170,-72
609178,-66
609186,-70
609194,-86
609202,-76
609210,-58
609218,-45
609226,-41
609234,-47
609242,-61
609250,-62
609258,-51
609266,-40
609274,-37
609282,-56
609290,-100
609298,-146
609306,-133
609314,-47
609322,34
609330,27
609338,-50
609346,-109
609354,-93
609362,-74
609370,-76
609378,-49
609386,6
609394,-39
609402,-234
609410,-108
609418,868
609426,2063
609434,2122
609442,658
609450,-1098
609458,-1772
609466,-1340
609474,-732
609482,-501
609490,-414
609498,-278
609506,-179
609514,-135
609522,-135
609530,-144
609538,-89
609546,-4
609554,37
609562,9
609570,-45
609578,-64
609586,-25
609594,35
609602,78
609610,98
609618,84
609626,57
609634,35
609642,-9
609650,-30
609658,-13
609666,-36
609674,-129
609682,-219
609690,-223
609698,-175
609706,-148
609714,-172
609722,-187
609730,-155
609738,-104
609746,-67
609754,-35
609762,-14
609770,-6
609778,-20
609786,-44
609794,-58
609802,-52
609810,-52
609818,-57
609826,-38
609834,-28
609842,-44
609850,-61
609858,-92
609866,-146
609874,-168
609882,-100
609890,25
609898,98
609906,53
609914,-59
609922,-129
609930,-137
609938,-95
609946,-51
609954,-46
609962,-31
609970,21
609978,-4
609986,-198
609994,-184
610002,682
610010,1989
610018,2312
610026,994
610034,-876
610042,-1763
610050,-1454
610058,-840
610066,-577
610074,-507
610082,-356
610090,-228
610098,-184
610106,-137
610114,-80
610122,-25
610130,3
610138,-13
610146,-44
610154,-47
610162,-28
610170,0
610178,13
610186,23
610194,29
610202,25
610210,18
610218,14
610226,9
610234,1
610242,-7
610250,-33
610258,-111
610266,-190
610274,-204
610282,-164
610290,-120
610298,-115
610306,-127
610314,-127
610322,-133
610330,-140
610338,-100
610346,-17
610354,33
610362,11
610370,-28
610378,-61
610386,-83
610394,-81
610402,-69
610410,-66
610418,-65
610426,-65
610434,-65
610442,-69
610450,-79
610458,-63
610466,-25
610474,-2
610482,-17
610490,-54
610498,-94
610506,-112
610514,-106
610522,-83
610530,-25
610538,35
610546,-7
610554,-231
610562,-255
610570,591
610578,1950
610586,2383
610594,1144
610602,-782
610610,-1790
610618,-1522
610626,-865
610634,-579
610642,-526
610650,-378
610658,-231
610666,-144
610674,-74
610682,-47
610690,-39
610698,-37
610706,-33
610714,-26
610722,-35
610730,-45
610738,-42
610746,-14
610754,32
610762,64
610770,72
610778,61
610786,34
610794,4
610802,-7
610810,-3
610818,-41
610826,-128
610834,-209
610842,-227
610850,-171
610858,-109
610866,-109
610874,-145
610882,-147
610890,-108
610898,-74
610906,-54
610914,-37
610922,-15
610930,-1
610938,-27
610946,-92
610954,-125
610962,-93
610970,-29
610978,13
610986,-3
610994,-62
611002,-103
611010,-87
611018,-44
611026,-40
611034,-70
611042,-88
611050,-69
611058,-39
611066,-54
611074,-83
611082,-54
611090,-3
611098,-54
611106,-243
611114,-207
611122,626
611130,1916
611138,2337
611146,1152
611154,-735
611162,-1779
611170,-1556
611178,-896
611186,-562
611194,-475
611202,-336
611210,-211
611218,-173
611226,-132
611234,-68
611242,-26
611250,-45
611258,-92
611266,-77
611274,-11
611282,42
611290,36
611298,4
611306,3
611314,26
611322,21
611330,-18
611338,-55
611346,-46
611354,21
611362,66
611370,21
611378,-96
611386,-196
611394,-226
611402,-201
611410,-172
611418,-166
611426,-163
611434,-137
611442,-93
611450,-53
611458,-49
611466,-60
611474,-38
611482,-20
611490,-33
611498,-75
611506,-87
611514,-55
611522,-35
611530,-61
611538,-97
611546,-96
611554,-46
611562,0
611570,7
611578,-29
611586,-75
611594,-91
611602,-102
611610,-129
611618,-113
611626,-8
611634,59
611642,-124
611650,-346
611658,174
611666,1527
611674,2432
611682,1686
611690,-224
611698,-1639
611706,-1704
611714,-1064
611722,-639
611730,-510
611738,-348
611746,-170
611754,-115
611762,-129
611770,-122
611778,-75
611786,-28
611794,-26
611802,-53
611810,-50
611818,-2
611826,69
611834,94
611842,53
611850,10
611858,-1
611866,29
611874,58
611882,49
611890,29
611898,-11
611906,-72
611914,-134
611922,-167
611930,-169
611938,-159
611946,-151
611954,-132
611962,-108
611970,-98
611978,-107
611986,-101
611994,-89
612002,-88
612010,-68
612018,-10
612026,28
612034,-2
612042,-61
612050,-73
612058,-45
612066,-29
612074,-48
612082,-65
612090,-57
612098,-46
612106,-49
612114,-51
612122,-65
612130,-90
612138,-62
612146,24
612154,13
612162,-199
612170,-304
612178,364
612186,1679
612194,2353
612202,1415
612210,-445
612218,-1646
612226,-1571
612234,-937
612242,-569
612250,-495
612258,-373
612266,-223
612274,-151
612282,-99
612290,-45
612298,-15
612306,-26
612314,-57
612322,-70
612330,-49
612338,-11
612346,7
612354,20
612362,46
612370,63
612378,53
612386,22
612394,-2
612402,-17
612410,-19
612418,-24
612426,-49
612434,-95
612442,-151
612450,-189
612458,-190
612466,-165
612474,-150
612482,-148
612490,-124
612498,-70
612506,-20
612514,-18
612522,-51
612530,-75
612538,-66
612546,-39
612554,-33
612562,-51
612570,-61
612578,-58
612586,-76
612594,-97
612602,-82
612610,-33
612618,0
612626,-13
612634,-55
612642,-65
612650,-60
612658,-84
612666,-79
612674,-22
612682,-49
612690,-244
612698,-264
612706,549
612714,1929
612722,2465
612730,1308
612738,-659
612746,-1803
612754,-1638
612762,-976
612770,-609
612778,-503
612786,-348
612794,-214
612802,-165
612810,-110
612818,-67
612826,-47
612834,-35
612842,-32
612850,-23
612858,-21
612866,-30
612874,-34
612882,-23
612890,2
612898,19
612906,7
612914,-22
612922,-39
612930,-18
612938,17
612946,13
612954,-26
612962,-81
612970,-131
612978,-165
612986,-152
612994,-111
613002,-100
613010,-118
613018,-136
613026,-115
613034,-66
613042,-41
613050,-44
613058,-46
613066,-40
613074,-36
613082,-36
613090,-41
613098,-40
613106,-45
613114,-56
613122,-63
613130,-58
613138,-69
613146,-90
613154,-88
613162,-44
613170,-11
613178,-38
613186,-65
613194,-50
613202,-94
613210,-266
613218,-161
613226,799
613234,2097
613242,2307
613250,890
613258,-1027
613266,-1895
613274,-1503
613282,-807
613290,-494
613298,-404
613306,-279
613314,-195
613322,-167
613330,-126
613338,-91
613346,-71
613354,-72
613362,-63
613370,-6
613378,50
613386,46
613394,19
613402,13
613410,22
613418,1
613426,-38
613434,-32
613442,28
613450,82
613458,73
613466,1
613474,-92
613482,-161
613490,-190
613498,-195
613506,-206
613514,-190
613522,-112
613530,-10
613538,13
613546,-45
613554,-80
613562,-80
613570,-97
613578,-124
613586,-90
613594,13
613602,76
613610,25
613618,-55
613626,-68
613634,-76
613642,-142
613650,-166
613658,-70
613666,50
613674,61
613682,-28
613690,-81
613698,-60
613706,-65
613714,-70
613722,-36
613730,-76
613738,-301
613746,-255
613754,704
613762,2081
613770,2392
613778,1011
613786,-917
613794,-1815
613802,-1491
613810,-883
613818,-641
613826,-559
613834,-353
613842,-170
613850,-94
613858,-82
613866,-97
613874,-79
613882,-42
613890,-25
613898,-44
613906,-74
613914,-85
613922,-68
613930,-38
613938,2
613946,50
613954,74
613962,33
613970,-40
613978,-58
613986,-13
613994,22
614002,-20
614010,-111
614018,-188
614026,-207
614034,-188
614042,-170
614050,-148
614058,-114
614066,-74
614074,-30
614082,-27
614090,-62
614098,-95
614106,-99
614114,-78
614122,-58
614130,-59
614138,-71
614146,-78
614154,-69
614162,-90
614170,-113
614178,-92
614186,-19
614194,24
614202,-10
614210,-80
614218,-109
614226,-104
614234,-117
614242,-146
614250,-82
614258,43
614266,23
614274,-213
614282,-326
614290,357
614298,1682
614306,2317
614314,1335
614322,-517
614330,-1673
614338,-1568
614346,-937
614354,-592
614362,-537
614370,-404
614378,-242
614386,-186
614394,-150
614402,-118
614410,-105
614418,-58
614426,12
614434,53
614442,26
614450,-34
614458,-76
614466,-59
614474,-15
614482,-3
614490,8
614498,34
614506,50
614514,54
614522,20
614530,-43
614538,-97
614546,-124
614554,-151
614562,-179
614570,-185
614578,-180
614586,-177
614594,-136
614602,-64
614610,-19
614618,-65
614626,-135
614634,-101
614642,2
614650,18
614658,-61
614666,-102
614674,-53
614682,-5
614690,-24
614698,-56
614706,-39
614714,-8
614722,-29
614730,-70
614738,-76
614746,-59
614754,-53
614762,-60
614770,-61
614778,-66
614786,-51
614794,14
614802,51
614810,-101
614818,-340
614826,-20
614834,1179
614842,2270
614850,1945
614858,255
614866,-1335
614874,-1699
614882,-1173
614890,-686
614898,-548
614906,-449
614914,-274
614922,-152
614930,-84
614938,-55
614946,-74
614954,-93
614962,-77
614970,-28
614978,22
614986,29
614994,20
615002,21
615010,2
615018,-16
615026,-7
615034,32
615042,35
615050,5
615058,1
615066,25
615074,11
615082,-83
615090,-178
615098,-197
615106,-178
615114,-178
615122,-175
615130,-144
615138,-113
615146,-107
615154,-89
615162,-29
615170,34
615178,20
615186,-46
615194,-87
615202,-90
615210,-88
615218,-81
615226,-48
615234,-19
615242,-26
615250,-32
615258,-31
615266,-45
615274,-72
615282,-95
615290,-89
615298,-66
615306,-64
615314,-59
615322,-29
615330,-21
615338,-15
615346,-13
615354,-59
615362,-246
615370,-338
615378,291
615386,1629
615394,2459
615402,1654
615410,-273
615418,-1649
615426,-1684
615434,-1059
615442,-697
615450,-626
615458,-435
615466,-178
615474,-75
615482,-78
615490,-65
615498,-27
615506,-36
615514,-102
615522,-152
615530,-121
615538,-22
615546,47
615554,53
615562,39
615570,25
615578,3
615586,-22
615594,-42
615602,-70
615610,-81
615618,-59
615626,-32
615634,-22
615642,-55
615650,-134
615658,-211
615666,-236
615674,-188
615682,-101
615690,-55
615698,-54
615706,-55
615714,-30
615722,-27
615730,-76
615738,-120
615746,-117
615754,-80
615762,-38
615770,-8
615778,8
615786,-6
615794,-20
615802,-38
615810,-74
615818,-110
615826,-111
615834,-86
615842,-67
615850,-65
615858,-55
615866,-28
615874,-3
615882,-15
615890,-55
615898,-91
615906,-124
615914,-128
615922,-75
615930,-7
615938,-50
615946,-208
615954,28
615962,1080
615970,2202
615978,2088
615986,512
615994,-1250
616002,-1878
616010,-1403
616018,-747
616026,-445
616034,-349
616042,-282
616050,-243
616058,-183
616066,-141
616074,-123
616082,-65
616090,27
616098,81
616106,53
616114,-25
616122,-78
616130,-74
616138,-37
616146,-10
616154,-9
616162,-2
616170,42
616178,83
616186,67
616194,29
616202,-13
616210,-55
616218,-124
616226,-198
616234,-219
616242,-197
616250,-164
616258,-121
616266,-89
616274,-81
616282,-88
616290,-89
616298,-72
616306,-52
616314,-38
616322,-48
616330,-63
616338,-67
616346,-52
616354,-21
616362,-3
616370,-7
616378,-34
616386,-66
616394,-78
616402,-80
616410,-77
616418,-75
616426,-95
616434,-87
616442,-45
616450,-6
616458,-13
616466,-61
616474,-94
616482,-101
616490,-76
616498,-32
616506,-19
616514,-41
616522,-80
616530,-69
616538,-22
616546,-11
616554,-61
616562,-80
616570,-34
616578,-68
616586,-262
616594,-178
616602,744
616610,1983
616618,2183
616626,832
616634,-949
616642,-1730
616650,-1387
616658,-825
616666,-608
616674,-513
616682,-322
616690,-185
616698,-135
616706,-83
616714,-34
616722,-25
616730,-71
616738,-111
616746,-116
616754,-83
616762,-35
616770,4
616778,35
616786,43
616794,44
616802,46
616810,33
616818,5
616826,-29
616834,-47
616842,-56
616850,-72
616858,-95
616866,-130
616874,-168
616882,-190
616890,-188
616898,-166
616906,-150
616914,-140
616922,-124
616930,-96
616938,-59
616946,-43
616954,-61
616962,-90
616970,-83
616978,-52
616986,-37
616994,-30
617002,-28
617010,-27
617018,-39
617026,-70
617034,-95
617042,-83
617050,-60
617058,-56
617066,-60
617074,-58
617082,-57
617090,-56
617098,-61
617106,-70
617114,-69
617122,-54
617130,-36
617138,-24
617146,-31
617154,-42
617162,-54
617170,-57
617178,-61
617186,-31
617194,28
617202,-7
617210,-226
617218,-239
617226,573
617234,1831
617242,2190
617250,1002
617258,-764
617266,-1641
617274,-1363
617282,-786
617290,-539
617298,-479
617306,-344
617314,-203
617322,-127
617330,-71
617338,-39
617346,-23
617354,-19
617362,-37
617370,-53
617378,-35
617386,-3
617394,5
617402,-7
617410,11
617418,54
617426,96
617434,106
617442,66
617450,7
617458,-25
617466,-34
617474,-39
617482,-79
617490,-167
617498,-251
617506,-278
617514,-243
617522,-192
617530,-156
617538,-129
617546,-105
617554,-78
617562,-68
617570,-56
617578,-45
617586,-54
617594,-72
617602,-74
617610,-52
617618,-34
617626,-38
617634,-50
617642,-55
617650,-47
617658,-28
617666,-37
617674,-72
617682,-111
617690,-119
617698,-91
617706,-71
617714,-72
617722,-61
617730,-39
617738,-30
617746,-52
617754,-79
617762,-87
617770,-78
617778,-81
617786,-77
617794,-19
617802,21
617810,-88
617818,-279
617826,24
617834,1137
617842,2152
617850,1819
617858,187
617866,-1337
617874,-1658
617882,-1110
617890,-609
617898,-472
617906,-399
617914,-272
617922,-187
617930,-123
617938,-81
617946,-74
617954,-71
617962,-52
617970,-28
617978,-18
617986,-16
617994,-8
618002,5
618010,14
618018,26
618026,40
618034,47
618042,53
618050,59
618058,62
618066,41
618074,-10
618082,-77
618090,-150
618098,-213
618106,-243
618114,-233
618122,-199
618130,-164
618138,-134
618146,-110
618154,-85
618162,-71
618170,-71
618178,-74
618186,-70
618194,-49
618202,-29
618210,-29
618218,-46
618226,-62
618234,-62
618242,-53
618250,-51
618258,-57
618266,-69
618274,-70
618282,-61
618290,-58
618298,-67
618306,-74
618314,-76
618322,-68
618330,-56
618338,-51
618346,-59
618354,-61
618362,-53
618370,-36
618378,-36
618386,-53
618394,-70
618402,-66
618410,-52
618418,-60
618426,-49
618434,1
618442,-2
618450,-170
618458,-244
618466,412
618474,1656
618482,2243
618490,1282
618498,-525
618506,-1642
618514,-1517
618522,-889
618530,-546
618538,-463
618546,-339
618554,-212
618562,-155
618570,-112
618578,-76
618586,-53
618594,-45
618602,-43
618610,-33
618618,-22
618626,-19
618634,-17
618642,-17
618650,-1
618658,20
618666,35
618674,49
618682,55
618690,56
618698,60
618706,55
618714,16
618722,-62
618730,-149
618738,-210
618746,-230
618754,-227
618762,-209
618770,-169
618778,-123
618786,-87
618794,-72
618802,-77
618810,-80
618818,-73
618826,-62
618834,-53
618842,-58
618850,-62
618858,-62
618866,-57
618874,-58
618882,-59
618890,-57
618898,-53
618906,-54
618914,-62
618922,-69
618930,-62
618938,-53
618946,-58
618954,-68
618962,-67
618970,-51
618978,-34
618986,-35
618994,-51
619002,-53
619010,-37
619018,-24
619026,-29
619034,-55
619042,-76
619050,-68
619058,-65
619066,-71
619074,-40
619082,13
619090,-55
619098,-250
619106,-77
619114,930
619122,2061
619130,2000
619138,507
619146,-1148
619154,-1706
619162,-1256
619170,-707
619178,-512
619186,-430
619194,-294
619202,-201
619210,-145
619218,-91
619226,-62
619234,-45
619242,-43
619250,-41
619258,-40
619266,-32
619274,-21
619282,-7
619290,12
619298,23
619306,29
619314,36
619322,48
619330,57
619338,57
619346,51
619354,29
619362,-15
619370,-88
619378,-168
619386,-218
619394,-226
619402,-209
619410,-188
619418,-164
619426,-131
619434,-94
619442,-70
619450,-59
