timestamp,x,y,z
559340,12.04,-10.6050005,2.835
559359,12.845,-11.025,2.135
559378,16.24,-12.04,1.54
559397,12.11,-12.46,1.085
559417,20.475,-16.135,-0.875
559436,25.025,-18.165,-2.695
559455,22.505,-17.885,-4.2
559474,21.525,-18.41,-6.09
559494,27.86,-20.16,-9.7300005
559513,31.78,-20.405,-14.455
559532,27.895,-20.3,-18.27
559551,26.775,-20.825,-21.035
559571,27.93,-22.82,-23.975
559590,31.01,-25.935,-26.39
559609,31.745,-29.295,-28.105
559628,31.78,-29.960001,-28.630001
559647,35.385,-34.195,-28.84
559666,36.085,-34.65,-28.14
559685,35.455,-35.0,-27.86
559704,35.035,-35.805,-26.880001
559724,33.18,-37.73,-24.955
559743,33.04,-39.55,-23.065
559762,32.13,-39.795002,-21.245
559781,30.485,-36.61,-19.285
559800,27.335001,-31.99,-17.85
559819,24.115,-28.595,-16.66
559838,22.54,-27.685,-15.225
559857,21.77,-24.99,-13.755
559877,22.68,-22.155,-12.145
559896,16.52,-17.57,-10.325
559915,17.15,-18.06,-10.36
559934,22.89,-19.005,-9.695
559954,17.85,-16.52,-8.26
559973,15.4,-13.58,-7.035
559992,20.65,-13.615,-6.825
560011,24.64,-14.56,-6.44
560031,17.885,-13.545,-6.265
560050,13.545,-11.13,-6.335
560069,12.985,-8.785,-6.3
560088,12.145,-8.61,-5.95
560107,11.06,-9.1,-5.565
560126,10.955,-9.17,-5.6
560145,11.935,-8.89,-5.7400002
560164,11.165,-8.645,-5.7400002
560184,9.135,-9.485,-5.7400002
560203,9.415,-10.43,-5.495
560222,9.24,-9.415,-4.69
560241,7.315,-9.31,-4.83
560260,7.4900002,-10.64,-5.005
560279,8.19,-11.935,-4.725
560298,8.435,-11.165,-4.445
560317,7.035,-9.17,-4.34
560337,6.79,-8.26,-4.165
560356,6.895,-7.875,-4.025
560375,6.65,-8.085,-4.585
560394,6.335,-6.16,-3.5
560414,-1.4,-5.285,-3.3600001
560433,7.21,-7.945,-3.3600001
560452,7.91,-6.965,-2.485
560471,2.065,-3.885,-1.82
560491,2.94,-2.8700001,-1.19
560510,7.7,-4.795,-0.14
560529,3.955,-5.915,1.26
560548,1.33,-3.85,2.52
560567,0.35,0.805,3.605
560586,0.77,5.11,4.48
560605,-0.07,7.07,5.075
560624,-0.98,7.385,5.46
560644,-2.1,7.63,5.915
560663,-2.17,7.315,6.02
560682,-1.19,9.31,6.86
560701,-1.365,10.29,7.175
560720,-0.735,10.045,8.05
560739,-2.45,9.17,8.435
560758,-2.73,8.68,8.295
560777,-1.855,9.555,8.435
560797,-0.91,11.095,8.89
560816,0.91,11.935,9.66
560835,4.795,12.215,9.94
560854,6.79,14.315001,10.22
560874,7.91,16.695,9.87
560893,12.04,19.32,10.255
560912,3.92,24.99,12.3550005
560931,7.0,25.34,13.545
560951,13.055,26.215,14.735
560970,7.385,27.125,15.26
560989,2.485,27.965,14.28
561008,4.69,26.74,12.565
561027,2.45,25.795,11.445
561046,-1.61,25.935,11.375
561065,-3.115,25.515,11.97
561084,-3.85,24.185,12.075
561104,-1.925,25.095,11.97
561123,-0.595,27.23,11.97
561142,-2.8,28.595,12.075
561161,-5.845,27.265,11.795
561180,-5.425,25.445,11.865
561199,-5.39,24.605,11.9
561218,-3.115,27.3,11.62
561237,-8.05,29.085001,11.9
561257,-10.815,27.93,12.32
561276,-9.835,26.215,13.16
561295,-9.59,26.39,13.65
561314,-10.99,28.14,13.2300005
561333,-12.285,29.155,12.845
561352,-13.055,29.505001,12.985
561371,-15.54,30.415,13.02
561390,-15.085,29.225,12.11
561410,-18.445,29.505001,12.215
561429,-22.47,26.075,11.235
561448,-15.68,23.1,9.975
561467,-17.955,23.415,9.31
561487,-23.205,24.15,8.715
561506,-20.79,22.54,7.7
561525,-16.87,19.635,6.965
561544,-21.525,17.36,6.3
561564,-23.415,16.835001,5.81
561583,-22.505,16.59,5.005
561602,-20.335001,16.345,3.955
561621,-17.57,15.225,2.835
561640,-15.645,13.86,1.89
561659,-12.95,13.51,1.47
561678,-10.78,14.245,0.665
561697,-9.59,14.28,-0.42000002
561717,-7.21,11.725,-1.4
561736,-5.25,9.695,-1.995
561755,-3.955,8.715,-3.045
561774,-3.185,8.19,-3.675
561793,-3.29,6.265,-4.13
561812,-1.715,3.29,-4.55
561831,-1.015,1.715,-4.62
561850,-1.4350001,2.8700001,-4.62
561870,-3.64,4.8650002,-4.655
561889,-3.71,4.69,-5.46
561908,-5.04,8.295,-4.585
561927,-17.045,12.145,-5.635
561947,-10.395,9.345,-7.945
561966,-4.935,6.16,-10.255
561985,-9.415,8.085,-12.67
562004,-13.895,11.41,-14.49
562024,-14.245,7.63,-15.575
562043,-19.11,-0.56,-15.47
562062,-19.845,-7.4900002,-14.77
562081,-25.865,-11.4800005,-13.895
562100,-24.185,-12.985,-13.2300005
562119,-26.6,-19.425,-13.265
562138,-25.375,-28.56,-13.51
562157,-29.155,-42.0,-12.985
562177,-34.23,-56.63,-12.81
562196,-36.435,-66.885,-12.32
562215,-34.685,-76.195,-12.53
562234,-31.01,-84.42,-13.335
562253,-26.495,-89.39,-14.875
562272,-24.710001,-94.115,-15.925
562291,-25.515,-97.51,-16.31
562310,-23.87,-100.625,-16.38
562330,-19.565,-103.215004,-16.485
562349,-15.96,-107.485,-17.22
562368,-12.46,-110.635,-18.69
562387,-7.945,-109.445,-20.965
562407,-1.6800001,-110.845,-24.045
562426,4.06,-110.67,-26.880001
562445,13.02,-112.7,-30.380001
562464,24.99,-118.825,-32.55
562484,30.94,-122.92,-32.69
562503,34.65,-125.23,-31.99
562522,41.825,-125.055,-31.85
562541,56.315,-127.54,-31.710001
562561,65.415,-128.55501,-31.885
562580,73.605,-130.13,-31.85
562599,63.56,-132.02,-30.1
562618,45.57,-129.535,-26.32
562637,35.63,-125.090004,-21.35
562656,32.655,-128.975,-16.275
562675,34.335,-137.655,-11.235
562694,33.53,-144.795,-8.645
562714,29.365,-144.62,-8.8550005
562733,25.55,-135.66,-10.535
562752,18.9,-126.770004,-10.43
562771,16.555,-124.075,-8.68
562791,16.905,-126.385,-5.81
562810,15.68,-126.805,-3.29
562829,13.02,-121.065,-1.33
562848,10.85,-116.935,1.155
562868,9.87,-117.915,4.515
562887,12.075,-122.955,7.245
562906,10.15,-123.97,7.455
562925,6.825,-121.485,6.335
562944,1.26,-113.155,6.7200003
562963,-3.675,-110.915,6.265
562982,2.625,-115.64,4.8650002
563001,-1.89,-116.585,3.08
563021,-4.8650002,-121.24,1.54
563040,-5.285,-128.24,-1.26
563059,-4.095,-131.705,-4.655
563078,-9.59,-131.285,-7.945
563097,-12.915,-132.37,-10.6050005
563116,-16.555,-125.020004,-13.615
563135,-28.98,-115.29,-18.725
563154,-21.91,-136.5,-23.03
563174,-12.775,-156.835,-26.985
563193,-20.335001,-146.58,-30.03
563212,-24.605,-121.555,-30.905
563231,-14.385,-107.38,-30.52
563250,-3.78,-108.64,-28.455
563269,5.075,-97.825,-24.675
563288,1.61,-79.590004,-19.565
563307,2.66,-69.055,-12.635
563327,-0.35,-69.090004,-4.2
563346,2.1,-62.44,1.365
563365,4.8650002,-43.575,2.45
563384,9.8,-23.59,2.66
563404,16.94,-8.8550005,5.075
563423,19.425,0.525,8.19
563442,17.185,3.22,10.115
563461,8.26,8.365,12.215
563481,4.095,12.04,13.16
563500,12.075,16.625,12.39
563519,7.35,24.78,11.2
563538,4.025,25.655,11.55
563557,9.59,14.665,11.2
563576,13.125,3.57,10.255
563595,1.085,-6.545,7.385
563614,-6.09,-16.765,3.78
563634,-8.68,-26.460001,0.735
563653,-6.86,-39.97,-2.45
563672,-4.795,-55.65,-5.18
563691,-5.705,-67.41,-7.5950003
563710,-17.185,-71.505,-10.43
563729,-14.0,-76.895,-11.97
563748,4.9,-82.18,-14.28
563767,12.985,-88.725,-19.845
563787,21.385,-99.225,-21.105
563806,24.325,-112.770004,-20.055
563825,16.135,-113.645004,-18.76
563844,5.6,-98.315,-17.395
563864,6.755,-83.86,-16.695
563883,9.31,-81.655,-15.190001
563902,23.73,-90.37,-13.93
563921,30.94,-101.36,-13.265
563941,28.105,-107.94,-13.895
563960,22.505,-107.625,-15.085
563979,13.51,-101.64,-16.17
563998,17.99,-101.815,-16.1
564017,17.885,-98.035,-14.245
564036,18.27,-88.62,-11.55
564055,19.845,-80.185,-9.66
564074,22.33,-74.83,-9.52
564094,17.85,-69.125,-8.365
564113,17.92,-61.32,-7.035
564132,18.27,-52.71,-5.915
564151,15.365,-48.125,-4.69
564170,11.83,-42.77,-3.57
564189,8.19,-35.35,-3.045
564208,3.5,-29.925,-2.485
564227,-2.415,-26.32,-1.89
564247,-12.46,-18.27,-3.255
564266,-35.21,-2.975,-5.565
564285,-18.095,-20.44,-3.71
564304,-17.745,-25.27,-2.485
564324,-29.085001,-7.105,-2.94
564343,-19.04,2.765,-1.225
564362,-8.47,7.5950003,3.43
564381,-11.55,7.105,10.29
564401,-2.695,1.33,15.015
564420,-5.53,-6.23,17.78
564439,-11.76,-12.215,17.01
564458,-6.44,-11.2,14.42
564477,-7.42,-6.755,11.235
564496,2.94,-4.445,6.825
564515,6.965,-2.275,3.7450001
564534,1.855,-1.995,3.465
564554,-1.155,-5.845,4.375
564573,3.465,-10.85,4.2
564592,-0.49,-9.03,3.78
564611,3.5,-2.38,2.8
564630,8.12,1.75,1.89
564649,3.185,1.12,0.84000003
564668,-3.605,0.875,-1.4350001
564687,-8.155,3.325,-4.8650002
564707,-11.515,7.21,-8.155
564726,-13.37,10.675,-10.15
564745,-17.045,10.57,-10.185
564764,-17.885,10.71,-9.87
564784,-20.72,12.11,-10.115
564803,-19.845,17.395,-8.12
564822,-26.285,10.99,-5.215
564841,-11.795,14.525,-2.345
564861,-3.08,20.16,-0.77
564880,9.905,16.03,0.245
564899,13.895,11.06,2.8700001
564918,7.07,18.76,6.545
564937,14.35,38.71,8.54
564956,7.98,61.670002,10.185
564975,0.385,63.665,11.9
564994,15.33,49.735,13.335
565014,15.54,43.89,13.3
565033,13.895,47.845,11.97
565052,17.64,58.31,9.94
565071,20.3,68.985,8.365
565090,16.415,75.495,8.505
565109,12.845,80.29,10.255
565128,9.87,89.6,12.67
565147,9.38,100.625,14.21
565167,9.31,111.93,15.47
565186,13.055,116.97,17.605
565205,13.2300005,120.19,20.37
565224,9.52,125.685,23.135
565244,7.735,130.27,24.710001
565263,7.5950003,127.47,24.325
565282,4.445,123.13,22.855
565301,11.13,118.475,19.11
565321,5.88,120.505,13.545
565340,-15.575,132.825,15.4
565359,28.385,114.1,20.02
565378,27.405,94.64,20.405
565397,32.795002,86.695,19.18
565416,46.375,107.625,10.22
565435,39.06,131.04,2.38
565454,29.19,132.58,-0.665
565474,33.075,111.685,-1.085
565493,35.805,96.67,-0.14
565512,28.77,90.58,1.61
565531,22.26,93.205,3.5
565550,25.34,98.315,3.255
565569,27.65,95.935,2.205
565588,26.145,88.13,1.47
565607,19.145,82.81,1.295
565627,15.225,77.035,0.84000003
565646,15.12,72.765,0.07
565665,17.745,67.340004,-0.98
565684,22.19,62.510002,-1.89
565704,23.275,55.055,-3.01
565723,20.055,43.75,-4.235
565742,16.345,30.45,-5.46
565761,19.355,22.295,-6.895
565781,18.06,23.135,-8.4
565800,13.895,22.295,-11.97
565819,13.405,8.54,-15.015
565838,19.6,-3.815,-17.43
565857,24.115,-3.92,-20.65
565876,32.76,-1.96,-23.87
565895,24.29,-17.5,-25.83
565914,31.22,-23.905,-24.815
565934,37.73,-14.91,-21.455
565953,36.435,-0.455,-20.405
565972,49.035,-0.525,-20.405
565991,57.295002,-8.54,-17.710001
566010,57.505,-18.41,-13.405
566029,61.425,-29.155,-8.89
566048,61.285,-36.33,-6.125
566067,48.685,-33.46,-5.95
566087,39.025,-26.005,-6.825
566106,35.105,-22.225,-7.56
566125,41.3,-21.91,-8.015
566144,54.495,-19.915,-7.945
566164,59.045002,-13.125,-8.61
566183,50.085,-3.3600001,-8.995
566202,36.015,5.215,-8.4
566221,30.415,14.07,-6.44
566241,31.710001,22.015,-4.585
566260,35.175,19.355,-2.52
566279,33.355,15.47,0.07
566298,38.71,24.5,1.295
566318,44.485,40.32,1.645
566337,37.24,50.995,1.6800001
566356,33.985,49.21,1.75
566375,33.74,45.920002,1.225
566394,29.4,50.785,-1.47
566413,21.245,63.875,-2.555
566432,7.77,59.535,0.945
566451,21.455,18.025,7.0
566471,42.14,-18.83,11.34
566490,37.975,-17.815,8.47
566509,11.06,2.59,0.14
566528,1.715,11.235,-4.235
566547,5.635,8.155,-3.255
566566,12.88,5.075,-2.135
566585,16.87,7.525,-1.75
566604,12.32,6.58,-2.065
566624,10.115,1.085,-2.31
566643,9.905,-2.415,-2.695
566662,8.12,-1.89,-3.22
566681,7.98,2.03,-3.43
566701,8.4,3.29,-3.71
566720,8.8550005,2.17,-3.185
566739,4.69,-0.805,-2.765
566758,3.43,-2.8,-2.205
566778,2.73,-2.03,-2.03
566797,5.81,-1.47,-2.45
566816,5.355,-2.415,-2.1
566835,2.975,-2.415,-1.26
566854,1.575,-1.085,-0.735
566873,1.05,0.21000001,-0.49
566892,1.4350001,-0.98,-0.49
566911,2.8,-3.255,0.035
566931,0.84000003,0.315,0.63
566950,-5.81,0.455,0.28
566969,5.635,-3.7450001,0.07
566988,4.69,-3.22,0.665
567007,-2.695,-1.4350001,0.385
567026,0.63,-2.275,0.525
567045,0.28,-3.99,0.63
567064,-0.63,-4.725,0.56
567084,-0.21000001,-3.955,0.735
567103,-0.07,-3.185,0.595
567122,0.98,-3.3600001,0.07
567141,1.645,-3.5,-0.315
567161,1.47,-2.695,-0.77
567180,1.785,-1.715,-0.63
567199,3.045,-1.645,-0.525
567218,1.855,-1.82,-0.49
567238,1.75,-2.345,-0.56
567257,3.01,-2.905,-0.315
567276,1.715,-2.835,-0.35
567295,1.19,-2.905,-0.56
567314,2.8700001,-3.255,-0.595
567333,3.78,-2.8,-0.63
567352,3.15,-1.855,-0.735
567371,2.275,-1.89,-0.42000002
567391,1.225,-2.835,-0.385
567410,2.38,-5.005,-0.945
567429,4.025,-2.24,-0.175
567448,-6.58,0.035,-0.455
567467,6.3,-4.515,-1.05
567486,5.67,-4.235,-0.105000004
567505,-2.03,-1.4,-0.21000001
567524,1.085,-2.17,-0.105000004
567544,1.12,-4.795,0.35
567563,-0.875,-4.69,0.035
567582,-0.735,-3.815,-0.07
567601,-0.525,-3.43,-0.14
567621,0.805,-3.465,-0.21000001
567640,1.645,-3.325,-0.14
567659,0.735,-3.185,-0.28
567678,0.665,-2.66,-0.525
567698,1.645,-3.045,-0.77
567717,3.01,-3.15,-0.315
567736,1.33,-3.535,-0.245
567755,1.89,-3.57,0.07
567774,3.325,-3.675,-0.07
567793,3.3600001,-3.85,-0.14
567812,3.01,-4.13,0.21000001
567831,3.15,-4.27,0.385
567851,2.73,-3.885,0.35
567870,3.3600001,-3.71,0.455
567889,3.01,-3.605,0.665
567908,2.345,-3.71,0.665
567927,3.15,-5.075,-0.105000004
567946,3.325,-1.925,0.77
567965,-7.14,-0.42000002,0.42000002
567984,5.39,-5.005,-0.28
568004,5.25,-4.55,0.735
568023,-0.735,-1.925,0.455
568042,2.17,-2.94,0.455
568061,-0.28,-4.62,0.98
568081,-1.505,-4.55,0.735
568100,0.0,-3.99,0.77
568119,0.7,-3.22,0.56
568138,1.365,-2.835,0.35
568158,1.4,-2.8,0.35
568177,1.365,-2.555,0.105000004
568196,2.1,-1.995,0.035
568215,2.135,-2.345,-0.21000001
568234,2.45,-2.625,0.07
568253,1.505,-3.185,0.21000001
568272,1.785,-2.94,0.175
568291,1.96,-2.66,0.07
568311,2.205,-2.73,0.455
568330,1.6800001,-3.3600001,0.525
568349,1.19,-3.92,0.245
568368,1.54,-4.025,0.245
568387,3.535,-3.43,0.28
568406,4.13,-2.905,0.105000004
568425,1.75,-3.15,0.035
568444,0.805,-3.185,0.175
568464,2.555,-3.29,0.07
568483,3.535,-4.795,-0.385
568502,-1.575,-1.26,0.21000001
568521,-5.95,-2.345,-0.595
568541,1.19,-6.335,-0.14
568560,1.12,-4.34,0.63
568579,-0.595,-2.03,0.035
568598,1.19,-4.165,0.035
568618,-2.065,-5.53,0.07
568637,-1.75,-4.34,-0.105000004
568656,0.21000001,-3.64,0.07
568675,0.595,-3.22,0.035
568694,0.77,-3.08,-0.07
568713,0.805,-3.395,-0.035
568732,1.61,-3.3600001,0.175
568751,2.31,-3.045,0.105000004
568771,2.205,-2.59,0.07
568790,1.225,-2.38,-0.035
568809,2.24,-3.045,0.175
568828,3.045,-3.15,0.315
568847,1.855,-3.15,0.07
568866,1.295,-3.22,0.07
568885,1.96,-3.675,0.21000001
568904,1.785,-3.7450001,-0.035
568924,1.855,-3.115,-0.035
568943,2.765,-2.8700001,0.175
568962,3.115,-3.395,0.14
568981,2.52,-3.78,0.0
569000,2.31,-3.115,0.035
569019,2.555,-2.73,0.035
569038,2.905,-3.15,-0.035
569057,1.855,-3.605,0.0
569077,2.625,-3.22,0.105000004
569096,2.345,-3.3600001,-0.245
569115,2.695,-3.465,0.21000001
569134,-3.15,-2.345,0.175
569154,2.38,-4.76,-0.735
569173,2.205,-4.935,0.07
569192,-1.4350001,-2.205,0.385
569211,1.855,-2.905,0.105000004
569231,-0.14,-5.285,0.42000002
569250,-2.8,-5.11,0.245
569269,-1.61,-4.375,0.385
569288,-0.49,-3.535,0.56
569307,0.735,-3.325,0.42000002
569326,1.96,-3.535,0.385
569345,1.4,-3.535,0.245
569364,1.4,-2.59,0.035
569384,1.715,-2.275,-0.14
569403,3.29,-2.555,0.035
569422,2.275,-3.01,0.175
569441,2.66,-3.115,0.105000004
569460,2.555,-2.66,-0.175
569479,2.17,-3.01,-0.56
569498,1.925,-3.99,-0.315
569517,1.995,-3.92,-0.21000001
569537,1.33,-3.78,-0.455
569556,1.575,-3.815,-0.49
569575,2.555,-3.5,-0.28
569594,2.66,-3.395,-0.385
569614,1.575,-3.78,-0.455
569633,1.155,-3.71,-0.525
569652,1.575,-3.57,-0.455
569671,2.345,-3.64,-0.28
569691,2.975,-3.64,-0.28
569710,2.485,-3.535,-0.35
569729,1.575,-3.395,-0.455
569748,1.365,-3.01,-0.21000001
569768,1.19,-4.025,-0.455
569787,2.24,-3.22,0.105000004
569806,-3.325,-1.05,-0.035
569825,3.045,-3.885,-0.875
569844,1.785,-4.69,0.0
569863,-1.505,-2.345,0.07
569882,2.31,-2.52,-0.21000001
569901,-0.525,-4.27,0.21000001
569921,-3.7450001,-4.375,0.175
569940,-1.75,-3.885,0.455
569959,0.175,-3.43,0.56
569978,0.77,-3.22,0.315
569998,1.085,-3.22,0.175
570017,0.77,-3.15,-0.035
570036,1.19,-3.115,0.035
570055,2.065,-3.08,0.175
570075,2.17,-3.465,0.21000001
570094,1.855,-3.045,0.21000001
570113,2.1,-3.29,0.035
570132,2.94,-3.43,0.0
570151,2.17,-3.29,-0.21000001
570170,1.82,-3.605,-0.385
570189,2.1,-3.85,-0.28
570208,1.96,-3.85,-0.175
570228,1.575,-3.675,-0.105000004
570247,1.855,-3.675,-0.105000004
570266,2.905,-3.64,-0.07
570285,2.66,-3.22,-0.14
570304,1.505,-2.8,-0.28
570323,1.47,-2.765,-0.28
570342,2.59,-3.22,-0.035
570361,2.59,-3.535,0.245
570381,2.38,-3.535,0.28
570400,2.065,-3.71,0.28
570419,2.135,-3.99,0.14
570438,2.03,-3.5,0.28
570458,1.33,-2.66,0.315
570477,0.385,-3.955,-0.315
570496,0.665,-2.345,0.21000001
570515,-4.69,-1.05,-0.245
570535,3.01,-4.2,-0.875
570554,1.96,-4.2,-0.455
570573,-1.505,-2.345,-0.42000002
570592,2.38,-3.605,-0.42000002
570611,-1.47,-5.11,-0.21000001
570630,-3.885,-4.655,-0.525
570649,-1.96,-3.815,-0.175
570668,-0.455,-3.29,0.14
570688,0.63,-2.975,0.175
570707,0.91,-2.52,0.035
570726,-0.455,-2.03,-0.105000004
570745,-0.315,-1.82,-0.105000004
570764,0.91,-1.6800001,0.105000004
570783,1.6800001,-2.17,0.035
570802,1.12,-1.6800001,0.175
570821,-0.035,-1.4350001,-0.105000004
570841,0.14,-1.12,0.0
570860,-0.175,-1.645,0.07
570879,-0.245,-2.38,0.21000001
570898,-0.91,-2.52,0.595
570917,-1.785,-2.8,0.77
570936,-1.47,-3.08,0.945
570955,-0.91,-2.31,1.05
570974,-0.28,-1.47,0.98
570994,-1.19,-0.525,1.12
571013,-2.8,0.525,1.085
571032,-2.415,0.035,0.84000003
571051,-0.875,-1.085,0.665
571071,-1.505,-1.89,0.98
571090,-1.995,-1.89,1.12
571109,-1.365,-2.52,1.33
571128,-0.735,-3.3600001,1.47
571148,-1.54,-3.71,1.365
571167,-2.275,-2.24,1.54
571186,-2.205,0.0,1.505
571205,-2.205,-0.56,0.175
571224,-0.28,4.06,-0.525
571243,-1.225,8.68,-0.945
571262,7.385,8.435,-0.91
571281,2.975,9.135,1.295
571301,-2.17,10.57,3.7450001
571320,3.115,8.8550005,5.04
571339,1.47,6.3,5.915
571358,-2.345,5.565,5.285
571377,-1.82,6.37,4.655
571396,-0.63,6.93,3.675
571415,-0.245,5.215,2.625
571434,0.105000004,4.235,1.365
571454,0.07,4.515,0.35
571473,0.105000004,5.425,0.07
571492,0.07,5.145,0.14
571511,-0.385,3.255,0.035
571531,-1.26,2.52,0.105000004
571550,0.525,1.295,-0.07
571569,1.855,-0.56,-0.245
571588,2.695,-2.835,-0.315
571608,2.45,-4.095,-0.385
571627,1.12,-4.62,-0.525
571646,1.015,-4.97,-0.805
571665,1.12,-4.8650002,-0.84000003
571684,1.295,-4.76,-1.05
571703,1.575,-4.69,-1.12
571722,0.175,-4.69,-1.015
571741,0.07,-4.48,-0.875
571761,0.945,-4.62,-1.015
571780,1.925,-4.795,-1.12
571799,2.94,-4.9,-0.91
571818,1.33,-5.32,-0.7
571837,-0.385,-5.53,-0.735
571856,0.455,-4.97,-0.77
571875,1.225,-4.69,-1.05
571894,2.38,-3.885,-0.7
571914,-4.235,-2.52,-1.015
571933,-0.98,-3.395,-1.4
571952,-0.805,-4.55,-0.875
571971,-1.4350001,-3.5,-0.63
571991,-2.45,-1.995,-0.525
572010,0.385,-3.08,-0.35
572029,-2.905,-3.99,-0.105000004
572048,-3.5,-3.675,0.035
572068,-1.82,-3.01,-0.21000001
572087,-0.245,-2.905,-0.315
572106,-0.175,-2.835,-0.21000001
572125,-0.21000001,-3.08,-0.245
572144,-0.875,-3.15,-0.42000002
572163,-0.455,-3.5,-0.105000004
572182,1.4350001,-3.99,0.0
572201,1.33,-3.535,0.07
572221,0.91,-2.8700001,-0.455
572240,-0.175,-2.66,-0.315
572259,1.61,-3.325,-0.175
572278,2.975,-4.27,-0.315
572297,2.765,-4.305,-0.455
572316,1.575,-4.585,-0.245
572335,1.6800001,-4.9,0.07
572354,2.485,-4.8650002,0.14
572374,3.3600001,-4.585,0.07
572393,2.765,-4.375,0.21000001
572412,2.52,-4.2,0.175
572431,3.605,-3.885,0.315
572451,4.235,-3.535,0.385
572470,3.535,-3.71,0.35
572489,2.52,-3.92,0.385
572508,3.43,-3.5,0.63
572528,3.255,-3.675,0.385
572547,2.905,-4.375,0.42000002
572566,-2.59,-3.43,0.42000002
572585,-0.56,-4.305,-0.035
572604,1.89,-4.83,0.14
572623,1.05,-3.3600001,0.315
572642,-0.28,-2.17,0.42000002
572661,2.205,-3.955,0.35
572681,-1.155,-5.46,0.35
572700,-1.47,-5.18,0.42000002
572719,0.07,-4.235,0.56
572738,0.63,-3.7450001,0.455
572757,0.665,-3.605,0.385
572776,0.945,-3.045,0.315
572795,0.49,-2.835,0.07
572814,0.98,-2.8,0.0
572834,2.24,-3.01,-0.035
572853,3.08,-2.625,-0.105000004
572872,2.66,-1.82,-0.49
572891,2.45,-2.135,-0.63
572911,2.835,-2.975,-0.63
572930,2.345,-3.71,-0.735
572949,2.17,-4.095,-0.49
572968,2.66,-4.095,-0.42000002
572988,2.625,-3.78,-0.455
573007,2.17,-3.5,-0.315
573026,2.485,-3.57,-0.105000004
573045,2.31,-3.815,-0.035
573064,2.8,-3.57,-0.14
573083,2.59,-3.01,-0.14
573102,2.275,-2.59,-0.245
573121,2.31,-3.395,-0.21000001
573141,3.325,-3.675,-0.105000004
573160,3.605,-3.3600001,-0.175
573179,2.065,-3.255,-0.35
573198,1.015,-3.395,-0.175
573217,1.54,-4.165,0.07
573236,1.785,-4.935,0.0
573255,-1.54,-2.45,-0.035
573274,-2.905,-2.835,-0.77
573294,1.61,-5.25,-0.84000003
573313,1.47,-4.095,-0.105000004
573332,-0.315,-2.415,0.07
573351,2.065,-3.78,-0.035
573371,-1.715,-5.11,-0.14
573390,-1.855,-4.69,0.07
573409,-0.245,-4.095,0.42000002
573428,0.49,-4.06,0.455
573448,0.56,-3.955,0.385
573467,0.735,-3.115,0.385
573486,0.28,-2.695,0.28
573505,0.875,-2.73,0.245
573525,1.6800001,-2.94,0.175
573544,1.61,-3.465,0.14
573563,0.875,-2.415,0.35
573582,2.03,-2.135,0.035
573601,2.765,-2.73,-0.105000004
573620,2.38,-3.255,-0.245
573639,1.715,-3.71,-0.28
573658,0.63,-3.675,-0.07
573678,0.875,-3.64,-0.14
573697,1.365,-3.57,-0.035
573716,1.4350001,-3.7450001,0.035
573735,1.89,-3.92,-0.105000004
573754,2.03,-3.57,-0.245
573773,1.855,-3.045,-0.28
573792,1.645,-3.15,-0.315
573811,1.855,-3.605,-0.175
573831,2.345,-3.71,-0.035
573850,2.17,-3.71,0.035
573869,2.38,-3.255,0.07
573888,2.065,-3.535,0.175
573908,1.645,-3.85,0.07
573927,1.225,-3.92,0.175
573946,1.05,-4.97,-0.28
573965,1.4,-3.01,0.175
573985,-3.395,-1.6800001,0.035
574004,2.625,-4.8650002,-0.385
574023,1.715,-5.705,0.21000001
574042,-1.05,-3.535,0.595
574061,2.695,-4.025,0.35
574080,0.875,-5.565,0.385
574099,-2.94,-5.285,0.28
574118,-2.03,-4.165,0.455
574138,-0.315,-3.71,0.385
574157,0.805,-3.955,0.56
574176,1.365,-3.64,0.56
574195,0.735,-2.835,0.245
574214,0.385,-2.38,-0.035
574233,1.4,-2.555,0.0
574252,3.08,-3.185,-0.035
574271,2.94,-2.625,0.035
574291,1.82,-1.855,-0.525
574310,2.59,-2.135,-0.35
574329,2.17,-3.15,-0.175
574348,1.575,-3.955,-0.28
574368,1.33,-4.165,-0.35
574387,1.155,-3.7450001,-0.455
574406,1.155,-3.5,-0.21000001
574425,1.75,-3.43,-0.07
574445,2.59,-3.255,-0.175
574464,2.59,-3.29,-0.07
574483,1.19,-3.325,-0.14
574502,0.84000003,-3.22,-0.21000001
574521,1.715,-2.73,-0.105000004
574540,1.995,-2.765,-0.035
574559,1.715,-2.8700001,0.07
574578,0.875,-3.08,0.035
574598,0.455,-3.3600001,0.07
574617,1.05,-2.94,0.0
574636,1.4350001,-2.765,-0.035
574655,-0.175,-3.3600001,-0.175
574674,-1.54,-3.5,-0.175
574693,-0.98,-3.3600001,0.105000004
574712,-0.315,-4.13,-0.245
574731,-0.595,-2.135,0.175
574751,-6.825,-1.4,-0.14
574770,0.63,-4.025,-0.49
574789,0.84000003,-4.725,0.175
574808,-3.045,-3.01,0.28
574828,-1.295,-3.115,-0.14
574847,-3.605,-3.885,-0.035
574866,-5.285,-3.885,0.315
574885,-3.3600001,-3.815,0.56
574905,-1.96,-3.85,0.49
574924,-1.82,-3.325,0.35
574943,-1.61,-2.8,0.315
574962,-1.82,-2.59,0.21000001
574981,-2.065,-3.01,0.035
575000,-1.4350001,-3.43,0.14
575019,-0.805,-3.535,0.14
575038,-0.455,-2.8700001,0.315
575058,-2.415,-2.205,0.035
575077,-0.245,-2.415,-0.175
575096,-0.42000002,-3.325,-0.14
575115,-0.525,-4.2,-0.105000004
575134,-0.525,-4.48,0.07
575153,-0.42000002,-3.955,0.14
575172,-0.98,-3.43,-0.14
575191,-1.015,-3.605,-0.07
575211,-0.175,-4.06,0.245
575230,0.175,-3.7450001,0.315
575249,-0.455,-3.395,0.0
575268,-0.42000002,-3.675,-0.105000004
575288,-0.07,-3.675,-0.035
575307,-0.035,-3.325,0.0
575326,-0.35,-3.3600001,-0.175
575345,0.875,-3.535,-0.21000001
575365,1.505,-3.675,-0.175
575384,0.595,-3.99,-0.35
575403,-0.245,-3.815,-0.35
575422,0.42000002,-3.255,-0.385
575441,1.295,-3.3600001,-0.595
575460,1.645,-2.975,-0.21000001
575479,-4.48,-2.135,-0.56
575498,-1.05,-3.57,-1.015
575518,-1.19,-5.32,-0.525
575537,-1.855,-4.06,-0.175
575556,-1.54,-2.625,-0.035
575575,1.47,-3.465,-0.245
575594,-1.6800001,-4.55,0.07
575613,-1.715,-4.27,0.63
575632,0.875,-3.92,0.63
575651,1.82,-3.78,0.28
575671,0.98,-3.3600001,0.35
575690,1.505,-3.15,0.315
575709,1.015,-3.815,0.14
575728,1.645,-4.2,0.175
575748,3.5,-3.85,0.385
575767,3.43,-3.605,0.42000002
575786,2.66,-3.325,0.14
575805,0.63,-2.8700001,0.0
575825,3.3600001,-2.695,0.14
575844,4.34,-3.29,0.07
575863,3.255,-3.7450001,-0.175
575882,3.045,-3.815,0.035
575901,3.395,-3.78,0.14
575920,3.3600001,-3.71,0.245
575939,3.78,-3.535,0.14
575958,4.305,-2.8,0.14
575978,4.025,-2.555,-0.105000004
575997,4.445,-2.975,-0.14
576016,4.375,-3.43,0.035
576035,4.095,-3.64,0.14
576054,4.305,-3.465,0.35
576073,4.83,-3.22,0.315
576092,4.13,-3.64,0.35
576111,2.975,-3.955,0.315
576131,3.3600001,-3.3600001,0.245
576150,3.71,-3.5,0.14
576169,4.305,-3.675,0.35
576188,-0.805,-2.59,0.21000001
576208,0.105000004,-4.34,-0.245
576227,2.73,-5.53,-0.035
576246,2.8,-3.5,0.105000004
576265,1.75,-1.89,-0.175
576285,3.29,-3.675,-0.35
576304,-1.12,-4.97,-0.175
576323,-2.45,-4.935,-0.07
576342,-0.315,-4.305,0.175
576361,1.4,-3.99,0.315
576380,2.31,-3.7450001,0.28
576399,2.345,-3.535,0.21000001
576418,1.19,-2.8,0.07
576438,0.56,-3.08,0.21000001
576457,1.05,-3.57,0.35
576476,1.225,-3.92,0.245
576495,2.8,-2.45,0.315
576514,1.575,-1.785,0.14
576533,2.555,-2.73,0.21000001
576552,2.52,-4.2,0.14
576571,3.15,-4.025,0.035
576591,1.96,-3.92,-0.175
576610,0.875,-3.92,-0.28
576629,1.47,-4.305,0.0
576648,2.765,-4.655,0.35
576667,3.3600001,-4.725,0.455
576686,2.66,-4.165,0.35
576705,2.24,-3.675,0.315
576724,2.415,-3.885,0.56
576744,3.185,-4.585,0.595
576763,3.535,-4.83,0.7
576782,3.43,-4.935,0.91
576801,2.205,-5.495,1.12
576821,2.8,-5.81,1.33
576840,3.78,-5.985,1.33
576859,2.8,-6.965,1.12
576878,-1.61,-5.355,1.365
576898,-5.39,-5.46,1.33
576917,-0.315,-7.4900002,0.595
576936,-0.385,-6.7200003,-0.14
576955,-3.29,-5.425,-0.035
576975,-2.485,-7.35,0.35
576994,-8.68,-9.905,1.015
577013,-12.74,-11.27,0.945
577032,-10.99,-11.27,1.19
577051,-11.235,-10.92,2.45
577070,-11.34,-10.535,3.57
577089,-12.88,-8.89,2.835
577108,-18.69,-10.43,3.325
577128,-22.225,-13.16,4.83
577147,-24.36,-12.88,5.67
577166,-24.99,-11.62,4.9
577185,-29.925,-9.03,4.55
577205,-33.81,-8.505,4.305
577224,-36.225,-8.96,3.7450001
577243,-38.815,-9.555,3.22
577262,-39.445,-8.925,2.905
577282,-37.765,-8.68,2.905
577301,-36.82,-9.835,3.325
577320,-35.455,-10.885,3.99
577339,-34.265,-9.24,4.27
577358,-35.84,-7.805,4.585
577377,-39.83,-7.42,5.355
577396,-38.22,-8.05,6.405
577415,-32.935,-7.28,7.035
577435,-31.43,-5.215,6.6150002
577454,-35.28,-3.675,5.7400002
577473,-38.185,-3.08,4.76
577492,-37.835,-2.485,4.62
577511,-37.94,-0.035,4.585
577530,-37.975,4.795,4.2
577549,-45.36,8.785,2.975
577568,-49.455,7.805,2.765
577588,-46.2,8.295,3.7450001
577607,-48.23,10.6050005,3.85
577626,-49.14,13.265,3.3600001
577645,-45.185,13.545,2.835
577665,-49.28,10.64,3.955
577684,-51.275,12.53,5.215
577703,-50.75,18.095,4.795
577722,-49.525,20.895,3.92
577742,-49.28,19.95,3.43
577761,-48.475,19.460001,3.22
577780,-45.115,24.15,2.205
577799,-40.74,35.105,0.315
577818,-33.74,44.065,-1.19
577837,-36.155,48.93,-1.54
577856,-35.49,51.8,-1.75
577875,-25.69,56.315,-2.52
577895,-14.945,61.775,-3.115
577914,-13.65,64.54,-3.99
577933,-15.295,62.16,-5.005
577952,-9.765,54.04,-5.81
577971,-7.5950003,50.295002,-6.02
577990,-11.585,50.26,-6.545
578009,-13.09,52.71,-7.5950003
578028,-14.945,49.525,-7.28
578048,-11.515,41.755,-6.09
578067,-7.21,33.74,-5.425
578086,-10.255,28.14,-5.53
578105,-13.755,24.29,-5.88
578125,-14.245,19.985,-7.07
578144,-13.965,13.825,-8.26
578163,-13.58,10.185,-7.5950003
578182,-14.805,5.705,-7.525
578202,-11.165,1.855,-7.91
578221,-13.3,0.7,-8.54
578240,-16.555,-1.4350001,-8.4
578259,-9.8,-5.285,-7.875
578278,4.2,-9.905,-7.385
578297,4.445,-11.515,-7.21
578316,0.385,-7.84,-7.07
578335,2.135,-1.4,-8.295
578355,7.28,0.0,-8.96
578374,9.24,-3.22,-8.295
578393,10.815,-3.7450001,-7.91
578412,8.96,1.96,-8.365
578431,7.21,7.28,-8.645
578450,5.18,5.355,-8.225
578469,-0.77,1.82,-7.28
578488,-2.52,-2.03,-7.07
578508,1.225,-4.27,-7.21
578527,1.085,-4.97,-8.085
578546,3.43,-8.26,-9.38
578565,2.835,-10.85,-10.675
578584,1.12,-10.08,-11.375
578603,0.35,-9.17,-11.585
578622,-2.065,-9.275,-12.075
578641,-2.66,-11.62,-12.985
578661,-4.375,-13.825,-13.37
578680,-5.985,-15.225,-12.915
578699,-8.05,-10.745,-12.075
578718,-10.99,-5.6,-11.515
578738,-13.02,-4.795,-10.815
578757,-13.2300005,-6.195,-10.6050005
578776,-13.825,-1.75,-8.715
578795,-21.665,-0.525,-8.015
578815,-17.01,0.455,-7.14
578834,-13.895,4.69,-5.635
578853,-16.45,10.325,-4.06
578872,-14.175,12.95,-3.3600001
578891,-9.765,6.86,-3.255
578910,-14.14,0.7,-0.385
578929,-15.785,-0.28,1.75
578948,-13.65,0.805,2.275
578968,-11.27,3.675,1.75
578987,-9.94,4.9,0.91
579006,-8.82,1.925,1.19
579025,-9.52,0.21000001,2.45
579044,-9.1,2.38,3.255
579063,-8.4,3.885,4.095
579082,-9.625,7.175,3.7450001
579101,-3.185,8.19,0.84000003
579121,-0.455,4.97,-0.875
579140,-2.555,2.59,0.245
579159,-2.835,2.345,2.1
579178,-1.4,3.64,3.71
579198,0.49,6.09,3.605
579217,0.315,8.4,1.925
579236,1.12,9.24,1.05
579255,1.365,9.975,1.4350001
579275,0.805,11.34,1.365
579294,2.065,10.99,0.455
579313,3.64,10.01,0.35
579332,5.285,10.395,0.84000003
579351,4.795,10.92,0.735
579370,5.95,11.585,0.49
579389,-0.735,9.45,0.42000002
579408,4.55,3.85,-0.385
579428,5.145,0.945,-0.98
579447,2.94,-0.595,-0.77
579466,2.59,-1.575,0.77
579485,6.86,-2.065,1.225
579504,5.215,-5.39,0.175
579523,4.445,-9.765,-0.98
579542,5.845,-11.865,-1.75
579561,6.335,-14.035,-2.485
579581,7.14,-17.29,-2.975
579600,7.91,-18.725,-2.66
579619,7.21,-17.64,-1.855
579638,6.3,-17.57,-1.225
579658,6.125,-16.38,-0.35
579677,4.305,-16.555,-1.015
579696,3.395,-16.695,-1.785
579715,-1.89,-16.1,-0.84000003
579735,-1.47,-14.875,0.42000002
579754,6.195,-13.09,0.84000003
579773,7.805,-10.71,0.07
579792,5.25,-10.675,-1.085
579811,2.135,-11.515,-1.12
579830,0.245,-12.775,-0.7
579849,-1.715,-13.755,-0.595
579868,-3.045,-13.125,-0.42000002
579888,-2.905,-12.705,0.07
579907,-1.96,-12.04,1.225
579926,0.14,-13.02,1.505
579945,-0.175,-12.3550005,0.945
579964,-5.145,-12.845,-0.875
579983,2.905,-16.03,-2.59
580002,5.145,-16.485,-2.03
580021,2.485,-15.225,0.385
580041,6.7200003,-11.165,2.695
580060,14.21,-8.785,2.8
580079,11.83,-8.26,2.205
580098,5.495,-8.75,2.975
580118,5.67,-6.125,2.73
580137,3.57,-4.025,1.47
580156,1.47,-5.46,2.38
580175,1.6800001,-5.67,3.535
580195,2.31,-5.11,3.325
580214,3.29,-5.985,2.065
580233,0.07,-3.99,2.24
580252,-0.735,-5.215,2.66
580271,0.665,-6.7200003,3.325
580290,-2.24,-8.505,3.01
580309,-1.4,-11.13,2.24
580328,-0.7,-14.525,2.45
580348,-2.03,-16.765,4.2
580367,-0.21000001,-17.675,6.405
580386,1.855,-16.73,7.14
580405,1.365,-15.8550005,7.035
580425,-0.42000002,-16.8,7.245
580444,-0.315,-17.57,7.21
580463,-2.415,-15.47,6.58
580482,-2.45,-11.76,6.825
580501,-4.795,-5.39,7.735
580520,-8.68,-6.7200003,7.56
580539,-4.095,-12.74,8.505
580558,-2.1,-12.46,10.71
580578,-2.065,-7.245,11.06
580597,0.35,-3.01,9.835
580616,5.32,-3.85,8.8550005
580635,5.495,-4.34,8.295
580655,2.52,-3.78,8.085
580674,3.5,-3.43,7.105
580693,4.83,-4.13,5.005
580712,5.25,-5.635,3.255
580732,3.185,-7.4900002,2.695
580751,2.03,-8.54,2.59
580770,3.29,-9.065,2.135
580789,1.295,-6.3,2.275
580808,0.945,-5.25,1.645
580827,5.25,-4.76,0.595
580846,6.93,-8.155,-1.085
580865,3.99,-14.595,-2.275
580885,2.135,-17.605,-2.03
580904,3.78,-16.73,-1.4
580923,6.09,-16.485,-1.89
580942,6.44,-17.185,-3.22
580961,6.825,-18.585001,-4.585
580980,8.12,-21.385,-5.11
580999,8.575,-23.59,-4.69
581018,8.4,-24.325,-4.445
581038,12.46,-25.27,-3.08
581057,7.805,-26.075,-0.98
581076,13.685,-30.380001,1.19
581095,17.64,-29.855,3.57
581115,14.665,-25.375,5.32
581134,11.865,-20.755,6.79
581153,15.365,-17.36,6.895
581172,17.465,-14.84,5.81
581192,12.985,-13.265,4.795
581211,8.82,-9.59,5.005
581230,6.7200003,-4.34,5.6
581249,7.91,-1.26,5.67
581268,7.98,-0.7,5.18
581287,5.915,-1.05,4.445
581306,4.34,-3.01,2.94
581325,2.52,-2.905,2.485
581345,3.01,-4.445,1.925
581364,7.98,-6.335,1.295
581383,6.895,-5.565,1.295
581402,7.4900002,-4.2,1.995
581421,9.695,-4.34,2.94
581440,10.08,-4.9,2.555
581459,9.52,-6.195,1.6800001
581478,8.96,-8.085,1.33
581498,8.61,-8.96,1.47
581517,6.825,-7.7,1.295
581536,4.41,-5.81,0.315
581555,3.465,-5.88,-1.26
581575,4.375,-4.9,-1.33
581594,-1.33,-6.44,-1.47
581613,4.55,-10.045,-0.945
581632,5.915,-8.82,0.315
581652,3.115,-4.795,1.015
581671,1.54,-2.345,1.295
581690,3.43,-2.45,0.245
581709,3.115,-5.355,-0.91
581728,0.91,-8.61,-1.89
581747,0.7,-10.71,-1.6800001
581766,1.015,-10.465,-1.05
581785,2.73,-11.27,-1.19
581805,4.515,-11.06,-1.05
581824,4.025,-8.33,-1.225
581843,2.8,-9.66,-2.8
581862,1.085,-12.495,-2.45
581881,1.47,-12.005,-1.925
581900,2.45,-9.135,-1.54
581919,0.42000002,-7.735,-1.26
581938,2.8,-9.555,-1.225
581958,1.33,-11.13,-1.575
581977,1.89,-9.275,-1.6800001
581996,3.15,-6.195,-1.75
582015,1.47,-5.075,-1.75
582035,1.225,-5.32,-1.4
582054,2.1,-4.235,-1.015
582073,3.85,-3.08,-1.6800001
582092,1.365,-0.63,-1.4350001
582112,-3.255,-0.175,-1.015
582131,4.27,-2.66,-0.91
582150,4.55,-1.995,-0.805
582169,-2.52,0.245,-1.26
582188,-3.64,0.49,-1.015
582207,2.1,-0.77,-0.14
582226,5.425,-2.905,0.21000001
582245,0.245,-3.7450001,0.455
582265,0.07,-1.82,0.42000002
582284,1.82,0.56,-0.21000001
582303,1.715,-0.14,-0.7
582322,1.05,-1.785,-0.49
582341,-0.595,-2.45,-0.105000004
582360,-1.47,-3.465,-0.385
582379,-2.8,-3.885,-0.245
582398,-3.5,-4.06,-0.42000002
582418,0.455,-4.27,-0.105000004
582437,0.77,-5.565,-0.07
582456,2.695,-5.845,0.105000004
582475,2.485,-4.725,0.245
582495,2.66,-4.165,0.35
582514,2.66,-4.55,0.28
582533,0.77,-3.7450001,0.28
582552,-0.7,-2.66,0.245
582572,-0.105000004,-4.13,0.245
582591,-1.155,-3.185,0.77
582610,-7.385,-2.38,0.245
582629,-1.47,-6.3,0.28
582648,0.875,-7.945,0.63
582667,-2.695,-5.425,0.35
582686,-1.505,-3.57,-0.385
582705,1.575,-4.41,-0.525
582725,3.115,-5.88,-0.42000002
582744,-0.84000003,-6.755,-0.28
582763,-1.995,-5.81,-0.175
582782,-0.42000002,-3.885,-0.175
582801,0.56,-3.08,0.0
582820,-0.105000004,-3.22,0.21000001
582839,-1.085,-3.08,0.315
582858,-1.4,-3.255,0.07
582878,-3.71,-2.59,0.14
582897,-4.55,-1.575,0.21000001
582916,-0.455,-1.4350001,0.315
582935,-0.245,-2.8,0.245
582955,0.28,-4.375,0.385
582974,0.385,-4.445,0.49
582993,1.365,-3.71,0.385
583012,1.6800001,-2.765,0.28
583032,2.555,-2.03,0.175
583051,0.595,-2.59,0.07
583070,1.82,-4.585,0.035
583089,0.56,-2.73,0.63
583108,-5.7400002,-1.645,0.455
583127,3.5,-4.48,0.49
583146,3.43,-5.285,0.56
583165,-1.295,-3.535,0.525
583185,-0.21000001,-1.715,0.49
583204,5.39,-2.065,0.245
583223,4.27,-4.235,0.595
583242,0.42000002,-4.55,0.945
583261,-0.105000004,-3.115,0.945
583280,0.84000003,-2.555,0.63
583299,1.26,-3.3600001,0.28
583318,1.26,-3.7450001,0.28
583338,1.12,-2.555,0.14
583357,2.275,-2.52,-0.21000001
583376,1.085,-1.33,-0.035
583395,0.035,-1.82,-0.35
583415,1.995,-3.08,0.315
583434,0.875,-3.185,0.14
583453,1.575,-2.59,-0.14
583472,2.31,-1.75,-0.35
583492,3.15,-2.415,-0.49
583511,2.905,-3.7450001,-0.455
583530,2.065,-3.22,-0.56
583549,0.21000001,-2.135,-0.875
583568,0.49,-3.465,-1.225
583587,-1.89,-2.485,-0.77
583606,-5.95,-3.325,-1.015
583625,1.715,-5.425,-1.085
583645,1.785,-4.935,-0.665
583664,-2.205,-3.465,-0.245
583683,-1.75,-2.415,0.14
583702,4.235,-2.765,0.035
583721,1.715,-4.375,0.07
583740,-0.455,-5.075,0.63
583759,-0.21000001,-3.29,1.26
583778,0.63,-1.4350001,1.4
583798,0.77,-1.155,1.33
583817,0.245,-1.4350001,1.19
583836,-0.805,-0.98,1.365
583855,1.085,-0.805,1.295
583875,-0.28,0.42000002,1.26
583894,1.61,-0.105000004,0.7
583913,2.555,-1.855,0.63
583932,1.995,-2.625,0.315
583952,1.645,-2.8700001,0.315
583971,1.54,-3.15,0.56
583990,2.8,-3.01,0.385
584009,3.115,-2.8,0.455
584029,1.505,-2.135,0.42000002
584048,0.875,-2.31,-0.175
584067,2.52,-1.995,-0.035
584086,-5.705,-1.085,0.0
584105,0.7,-4.69,-0.49
584124,3.99,-6.02,-0.175
584143,2.59,-3.43,0.105000004
584162,-1.4350001,-1.33,-0.07
584182,1.155,-1.82,-0.63
584201,3.185,-4.41,-0.735
584220,-0.875,-5.46,-0.245
584239,-0.91,-3.535,0.14
584258,-0.49,-1.715,0.035
584277,0.42000002,-1.47,-0.28
584296,0.49,-1.6800001,-0.35
584315,-0.28,-1.82,-0.245
584335,1.225,-2.8,-0.56
584354,2.8700001,-1.26,0.07
584373,1.785,0.035,-0.385
584392,3.64,-1.6800001,-0.56
584412,1.75,-3.43,-0.28
584431,2.205,-4.165,-0.315
584450,2.1,-3.5,-0.315
584469,2.415,-3.71,-0.42000002
584489,2.17,-4.095,-0.14
584508,2.135,-3.535,0.105000004
584527,1.61,-2.835,0.035
584546,1.75,-3.535,-0.315
584565,0.56,-1.855,0.315
584584,-4.55,-3.955,0.245
584603,3.185,-7.035,0.14
584622,2.625,-4.935,0.595
584642,0.07,-2.94,0.805
584661,0.105000004,-3.115,0.945
584680,4.06,-5.32,0.91
584699,1.645,-6.755,1.085
584718,1.75,-5.7400002,1.155
584737,1.12,-3.64,0.84000003
584756,0.805,-3.185,0.595
584775,1.47,-3.3600001,0.595
584795,1.54,-2.135,0.805
584814,1.75,-1.365,0.84000003
584833,2.38,-1.89,0.63
584852,0.56,-1.82,0.49
584872,1.925,-2.52,0.315
584891,0.77,-3.3600001,0.595
584910,1.225,-3.3600001,0.385
584929,1.505,-3.185,0.175
584949,2.205,-3.885,0.28
584968,1.96,-4.515,0.56
584987,1.47,-3.7450001,0.63
585006,0.035,-2.66,0.28
585025,-0.945,-2.8,-0.455
585044,1.925,-3.71,-0.175
585063,-4.62,-1.785,0.245
585082,1.925,-4.2,0.105000004
585102,5.565,-4.725,0.175
585121,0.42000002,-3.57,0.07
585140,-3.01,-3.5,0.525
585159,1.225,-4.515,0.35
585178,2.8700001,-5.145,-0.105000004
585197,-0.77,-4.305,-0.07
585216,-0.875,-3.535,0.245
585235,-0.35,-3.395,0.175
585255,0.315,-3.465,0.14
585274,-0.28,-2.415,0.035
585293,-1.96,-1.015,-0.175
585312,-0.7,-2.1,-0.385
585332,-1.155,-2.94,0.35
585351,-1.015,-2.765,0.105000004
585370,0.07,-2.38,-0.21000001
585389,-1.96,-3.3600001,-0.315
585409,-1.05,-4.41,0.0
585428,0.665,-4.06,0.35
585447,1.26,-3.3600001,0.175
585466,0.0,-2.94,0.035
585485,0.315,-2.695,0.07
585504,0.105000004,-3.045,0.035
585523,1.785,-4.13,0.035
585542,-3.3600001,-1.925,0.0
585562,-3.29,-2.52,-0.63
585581,0.875,-5.53,-0.385
585600,-1.96,-4.655,-0.14
585619,-2.905,-3.115,-0.21000001
585638,0.14,-2.66,-0.35
585657,3.78,-3.465,-0.07
585676,0.98,-4.165,0.595
585695,-1.61,-3.955,0.84000003
585715,-0.805,-1.75,0.525
585734,0.56,-0.35,-0.21000001
585753,1.19,-0.21000001,-0.63
585772,1.12,0.0,-0.455
585791,-0.42000002,-0.63,0.07
585810,-3.15,-0.35,1.015
585829,-2.135,-0.525,0.98
585848,0.35,-0.28,0.35
585868,0.315,-1.715,-0.105000004
585887,0.315,-4.235,0.07
585906,0.49,-4.515,0.56
585925,2.03,-3.22,0.84000003
585945,2.24,-1.61,0.77
585964,1.855,-2.205,1.155
585983,1.645,-4.34,0.56
586002,3.115,-8.155,-0.21000001
586022,2.065,-6.6150002,0.49
586041,-4.305,-4.095,0.315
586060,2.1,-5.11,0.805
586079,1.6800001,-6.09,1.645
586098,-3.675,-5.425,2.065
586117,-2.345,-4.095,1.925
586136,5.04,-4.27,0.805
586155,1.6800001,-5.915,0.21000001
586175,-2.345,-7.14,0.14
586194,-1.75,-6.6150002,0.245
586213,0.14,-5.39,-0.105000004
586232,0.35,-4.795,-0.56
586251,-1.295,-3.71,-0.945
586270,-3.045,-3.255,-1.05
586289,-2.1,-3.675,-1.225
586308,-1.89,-3.255,-1.295
586328,-2.905,-3.08,-1.925
586347,-2.275,-2.695,-1.995
586366,-0.805,-3.29,-1.89
586385,1.26,-4.725,-1.505
586405,0.945,-5.145,-1.295
586424,2.205,-4.305,-1.19
586443,2.38,-2.8700001,-0.91
586462,1.505,-1.4350001,-0.455
586482,0.7,-1.015,-0.665
586501,3.045,-1.61,-0.63
586520,-8.295,-0.525,-0.7
586539,0.98,-3.99,-1.89
586558,-0.91,-6.125,-1.89
586577,-5.705,-4.97,-1.61
586596,-6.23,-4.69,-1.26
586615,1.575,-5.285,-1.085
586635,1.6800001,-5.915,-0.525
586654,-1.4350001,-6.09,0.0
586673,-0.945,-3.885,-0.035
586692,-1.12,-2.8,-0.455
586711,0.665,-3.01,-0.595
586730,1.715,-2.66,-0.455
586749,-1.19,-1.295,-0.595
586768,1.82,-1.505,-1.12
586788,-0.945,0.385,-0.805
586807,-1.4,0.7,-1.05
586826,-0.98,-0.28,-1.12
586845,-3.85,-1.225,-0.91
586865,-3.255,-1.61,-0.805
586884,1.785,-1.75,-0.84000003
586903,1.715,-1.575,-1.155
586922,1.4350001,-1.505,-1.05
586942,1.75,-2.31,-0.665
586961,1.47,-4.935,-0.28
586980,6.09,-6.685,-0.35
586999,3.71,-3.675,-0.735
587018,5.915,-4.48,-1.89
587037,16.205,-9.66,-2.24
587056,15.085,-12.145,-1.47
587075,6.58,-9.625,-1.085
587095,4.48,-6.93,-1.295
587114,8.82,-6.37,-1.47
587133,2.66,-7.315,-1.365
587152,-0.28,-7.035,-0.805
587171,0.315,-5.53,-0.7
587190,0.525,-5.705,-0.84000003
587209,1.575,-5.565,-0.42000002
587228,2.73,-4.095,0.0
587248,4.795,-2.415,-0.035
587267,2.555,0.525,0.245
587286,3.01,3.605,0.35
587305,2.17,3.395,0.035
587325,0.455,1.54,-0.14
587344,-0.385,-0.7,-0.14
587363,-3.7450001,-0.875,0.105000004
587382,-5.67,0.07,0.49
587402,-7.07,1.33,0.7
587421,-4.9,1.015,0.735
587440,-3.325,0.21000001,0.91
587459,-1.54,-0.595,0.84000003
587479,2.905,1.225,1.365
587498,-5.985,4.795,0.875
587517,3.675,1.19,0.105000004
587536,9.94,0.28,-0.035
587555,6.7200003,2.485,-0.07
587574,-0.245,3.115,0.21000001
587593,0.49,2.135,0.28
587612,-3.255,1.6800001,0.035
587632,-5.46,2.625,-0.455
587651,-3.115,4.445,-0.175
587670,-3.85,6.405,0.805
587689,-4.83,9.52,0.84000003
587708,-6.86,10.885,0.735
587727,-7.98,10.885,0.595
587746,-4.83,9.94,-0.525
587765,-6.37,10.78,-1.295
587785,-6.055,8.89,-2.24
587804,-5.39,7.14,-2.59
587823,-8.015,5.845,-3.3600001
587842,-7.175,2.205,-4.06
587862,-2.45,-3.325,-4.375
587881,0.0,-7.175,-4.235
587900,-2.8700001,-8.4,-3.78
587919,-5.775,-7.805,-3.29
587939,-4.48,-7.945,-3.465
587958,0.105000004,-12.075,-4.2
587977,-2.8700001,-12.145,-2.8700001
587996,-8.89,-14.28,-1.645
588015,-0.315,-16.765,-0.245
588034,1.54,-14.49,0.315
588053,-3.92,-11.585,0.105000004
588072,-4.27,-10.535,-0.035
588092,0.035,-11.725,0.735
588111,-2.1,-10.01,1.82
588130,-2.66,-6.16,1.6800001
588149,-1.82,-3.045,1.085
588168,-0.525,-3.78,0.49
588187,-7.0,-4.935,0.7
588206,-5.46,-4.655,1.12
588225,-0.77,-4.48,1.155
588245,-2.45,-2.415,1.33
588264,-1.19,-1.75,1.61
588283,0.525,-2.94,1.085
588302,-1.085,-3.64,1.12
588322,-0.665,-4.41,1.19
588341,-0.56,-3.605,1.75
588360,0.035,-1.61,1.925
588379,-1.26,0.42000002,2.205
588399,-3.92,2.205,2.625
588418,-3.99,1.75,2.8700001
588437,0.525,0.525,1.61
588456,3.64,2.1,0.805
588475,-7.5950003,3.465,0.77
588494,1.89,-2.135,0.175
588513,7.175,-5.88,-0.42000002
588532,4.095,-5.355,-0.385
588552,-1.575,-4.83,-0.665
588571,0.98,-6.7200003,-1.365
588590,-0.525,-10.78,-3.08
588609,-5.11,-14.735,-3.71
588628,-3.64,-13.685,-4.025
588647,-0.945,-11.865,-5.81
588666,-1.295,-13.93,-5.355
588685,-3.71,-16.625,-2.205
588705,-3.92,-15.575,-0.28
588724,1.155,-14.1050005,-0.56
588743,4.41,-14.28,-2.555
588762,7.4900002,-17.57,-4.9
588782,6.685,-21.245,-5.81
588801,2.73,-21.63,-5.915
588820,4.025,-17.710001,-6.02
588839,7.14,-16.03,-6.125
588859,10.15,-18.655,-4.165
588878,9.205,-14.28,-3.045
588897,13.65,-7.105,-2.94
588916,14.455,-6.335,-2.66
588935,14.21,-10.395,-1.715
588954,8.96,-8.82,0.35
588973,8.47,-6.44,0.245
588992,11.4800005,-2.52,-1.6800001
589012,9.03,-0.735,-1.225
589031,6.895,-2.31,0.77
589050,5.39,-1.855,2.135
589069,9.905,-1.26,2.625
589088,7.525,-1.75,3.115
589107,3.64,-0.07,3.185
589126,3.045,2.695,2.94
589145,3.325,4.375,2.905
589165,2.38,5.53,3.15
589184,1.4350001,5.495,3.255
589203,2.8,4.8650002,2.59
589222,3.255,5.6,2.205
589242,2.625,4.795,2.1
589261,2.625,3.64,1.96
589280,-0.875,2.45,1.505
589299,-1.19,1.015,1.015
589319,0.035,0.21000001,0.84000003
589338,0.665,0.455,1.015
589357,0.77,1.61,1.015
589376,-1.155,1.61,0.805
589395,-3.85,0.42000002,0.77
589414,-3.01,-1.995,0.175
589433,-4.13,-0.385,0.49
589452,-10.08,-1.225,0.56
589472,-0.385,-3.885,0.42000002
589491,0.07,-3.955,0.595
589510,-3.01,-3.605,0.875
589529,-4.76,-4.305,0.84000003
589548,0.0,-4.48,0.455
589567,0.91,-5.32,0.14
589586,-3.57,-6.825,0.105000004
589605,-5.04,-7.525,0.28
589625,-4.795,-6.265,0.14
589644,-4.27,-4.585,-0.105000004
589663,-3.29,-3.64,-0.105000004
589682,-1.96,-3.92,-0.35
589702,-2.8700001,-3.08,0.14
589721,-2.94,-2.205,0.07
589740,-1.295,-2.695,-0.105000004
589759,-2.905,-4.025,-0.14
589779,-1.085,-5.53,0.21000001
589798,2.415,-4.9,0.49
589817,2.66,-2.1,0.315
589836,2.205,-1.33,0.385
589855,2.765,-2.205,0.735
589874,0.91,-2.45,0.77
589893,1.12,-3.465,0.245
589912,2.24,-1.26,0.735
589932,-4.305,0.035,0.385
589951,2.905,-2.555,0.105000004
589970,4.34,-3.7450001,0.525
589989,-1.47,-2.45,0.63
590008,-2.625,-1.645,0.525
590027,0.63,-2.03,0.42000002
590046,3.5,-3.535,0.49
590065,-0.84000003,-4.025,0.665
590085,-3.15,-3.57,0.35
590104,-1.575,-2.8700001,0.105000004
590123,0.0,-3.22,0.07
590142,-0.035,-3.15,0.035
590162,-0.84000003,-2.94,-0.14
590181,-3.15,-2.8700001,-0.315
590200,-0.56,-2.94,-0.49
590219,0.665,-3.78,-0.42000002
590239,1.26,-4.235,-0.28
590258,1.505,-5.215,-0.525
590277,2.52,-4.97,-0.595
590296,2.17,-3.675,-0.42000002
590315,1.4350001,-3.535,-0.175
590334,1.54,-4.165,0.105000004
590353,-0.105000004,-3.885,0.0
590372,-0.245,-4.48,-0.595
590392,2.275,-3.5,0.28
590411,-6.475,-1.015,0.245
590430,3.99,-3.815,-0.56
590449,4.585,-5.915,-0.42000002
590468,-1.12,-4.76,-0.035
590487,-2.38,-3.255,0.14
590506,2.8,-2.835,-0.14
590525,5.25,-3.43,-0.035
590545,1.085,-4.06,0.35
590564,-0.21000001,-3.85,0.56
590583,0.805,-3.045,0.42000002
590602,2.1,-2.52,0.28
590622,1.505,-2.275,0.245
590641,-0.595,-2.03,0.175
590660,-0.875,-2.31,0.0
590679,-0.28,-1.26,0.42000002
590699,0.21000001,-1.4,-0.07
590718,1.085,-2.03,-0.105000004
590737,0.105000004,-3.885,-0.035
590756,2.135,-4.515,0.175
590775,2.59,-3.5,0.07
590794,2.555,-2.695,0.035
590813,2.695,-3.57,0.14
590832,1.715,-3.885,0.35
590852,0.525,-3.395,-0.14
590871,2.94,-3.5,-0.105000004
590890,-6.16,-1.75,0.42000002
590909,1.505,-4.235,0.035
590928,4.41,-5.565,0.035
590947,1.82,-3.43,0.35
590966,-2.73,-2.45,0.525
590985,0.84000003,-2.975,0.42000002
591005,3.71,-4.2,0.035
591024,-0.385,-5.215,0.14
591043,0.035,-5.32,0.49
591062,0.63,-4.025,0.49
591082,1.015,-2.59,0.245
591101,0.7,-2.38,0.105000004
591120,-0.63,-2.59,0.28
591139,0.875,-3.255,-0.14
591159,1.54,-2.03,0.21000001
591178,1.365,-1.855,-0.175
591197,2.59,-2.625,-0.245
591216,0.105000004,-3.64,-0.315
591236,2.1,-4.34,-0.175
591255,2.905,-3.92,-0.175
591274,3.045,-3.64,-0.175
591293,3.115,-3.71,0.0
591312,1.19,-3.325,0.035
591331,-0.175,-2.94,-0.245
591350,2.065,-3.185,-0.245
591369,-2.8700001,-1.26,0.245
591389,-1.82,-3.7450001,-0.315
591408,2.835,-6.965,-0.35
591427,3.115,-5.39,0.35
591446,-0.035,-2.625,0.56
591465,1.015,-2.625,0.35
591484,4.8650002,-4.8650002,0.14
591503,1.085,-5.95,0.245
591522,1.12,-5.11,0.35
591542,1.085,-3.78,0.315
591561,0.525,-3.535,0.07
591580,0.84000003,-3.3600001,0.14
591599,0.56,-2.555,0.14
591619,0.63,-3.045,-0.42000002
591638,1.89,-2.52,0.175
591657,0.56,-2.1,0.0
591676,2.555,-2.975,-0.35
591696,0.91,-3.955,-0.35
591715,1.05,-4.55,-0.35
591734,0.735,-5.04,-0.28
591753,1.54,-4.8650002,-0.14
591772,2.275,-3.7450001,0.105000004
591791,2.975,-2.205,0.245
591810,1.26,-2.275,0.035
591829,-1.6800001,-4.83,-0.7
591849,0.385,-4.935,0.035
591868,-6.16,-3.99,0.28
591887,3.29,-6.02,-0.21000001
591906,4.025,-5.285,-0.175
591925,0.56,-3.29,-0.245
591944,-1.47,-3.57,-0.07
591963,3.22,-4.725,-0.105000004
591982,1.4,-5.32,0.14
592002,-1.47,-4.97,0.245
592021,-1.6800001,-2.73,0.63
592040,-0.84000003,-1.855,0.525
592059,-0.105000004,-1.75,-0.07
592079,-0.63,-1.96,-0.21000001
592098,-1.575,-1.89,-0.035
592117,0.21000001,-1.61,0.385
592136,0.63,0.0,0.28
592156,1.12,-1.575,0.105000004
592175,-0.07,-4.375,0.665
592194,0.385,-4.725,0.35
592213,1.12,-3.7450001,0.385
592232,2.905,-1.925,0.21000001
592251,3.955,0.49,-0.035
592270,2.485,0.7,-0.385
592289,0.385,-1.05,-0.28
592309,-1.47,-3.01,-0.21000001
592328,0.14,-4.9,0.07
592347,-4.165,-3.57,0.665
592366,-3.57,-6.475,0.49
592385,1.54,-7.245,0.63
592404,1.96,-3.43,0.84000003
592423,0.105000004,-2.1,0.63
592442,1.19,-2.625,0.595
592462,5.25,-3.3600001,0.63
592481,2.45,-3.5,0.525
592500,1.995,-3.185,0.525
592519,1.715,-2.59,0.7
592539,1.96,-2.24,0.49
592558,2.03,-0.805,0.245
592577,0.42000002,0.07,-0.105000004
592596,0.245,-1.855,-0.28
592616,1.6800001,-1.225,0.525
592635,1.855,-0.21000001,0.245
592654,2.31,-1.12,-0.14
592673,-0.035,-3.01,-0.21000001
592692,0.28,-4.34,-0.385
592711,0.455,-4.025,-0.525
592730,1.05,-3.325,-0.385
592749,2.03,-4.06,-0.42000002
592769,2.73,-3.85,-0.63
592788,1.575,-3.255,-1.015
592807,0.315,-3.395,-1.33
592826,2.8,-4.585,-1.4
592845,-3.7450001,-2.765,-0.98
592864,1.855,-3.815,-1.4350001
592883,4.935,-5.95,-1.015
592902,-1.995,-4.69,-0.385
592922,-4.095,-4.795,0.21000001
592941,0.105000004,-5.25,0.28
592960,3.78,-5.425,0.63
592979,-0.805,-4.305,1.4350001
592999,-2.31,-3.185,1.575
593018,-1.575,-3.535,1.47
593037,-1.085,-4.41,1.365
593056,-1.05,-3.185,1.225
593076,-1.995,-1.365,0.875
593095,-1.785,-2.52,0.21000001
593114,-4.2,-3.395,0.665
593133,-2.73,-4.935,0.0
593152,2.38,-6.02,-0.525
593171,0.525,-6.685,-0.735
593190,0.0,-7.315,-0.63
593209,1.155,-7.35,-0.595
593229,2.695,-6.93,-0.875
593248,1.82,-6.895,-0.91
593267,0.385,-6.825,-0.595
593286,-0.875,-6.58,-0.35
593305,-1.19,-6.51,-0.63
593324,1.4,-6.405,-0.28
593343,-7.35,-4.62,0.105000004
593362,-0.84000003,-6.195,-0.245
593382,3.08,-8.085,0.035
593401,-2.135,-6.335,0.175
593420,-3.29,-5.495,0.525
593439,-0.035,-5.075,0.35
593458,4.165,-5.04,0.21000001
593477,1.995,-5.25,0.455
593496,0.175,-4.725,0.63
593515,0.42000002,-2.73,0.49
593535,1.26,-1.89,0.35
593554,1.365,-1.995,0.28
593573,1.225,-2.1,0.14
593592,1.47,-1.715,-0.21000001
593612,-1.26,0.77,0.21000001
593631,0.21000001,0.735,-0.28
593650,1.33,-0.35,-0.245
593669,0.385,-1.54,-0.175
593689,1.61,-2.31,-0.245
593708,2.555,-1.4,-0.035
593727,2.31,-0.56,0.245
593746,0.98,0.42000002,0.315
593765,0.35,0.875,0.595
593784,-1.96,1.61,1.085
593803,-4.9,2.555,1.05
593822,-0.98,1.75,1.26
593842,-6.93,3.535,1.6800001
593861,-3.535,0.98,0.77
593880,-0.385,-1.645,0.455
593899,-5.425,-0.735,0.35
593918,-8.435,0.56,-0.07
593937,-3.85,1.05,-0.7
593956,0.7,-0.805,-1.19
593975,-2.065,-2.275,-1.6800001
593995,-2.765,-2.8,-1.75
594014,-1.015,-2.345,-1.82
594033,2.24,-2.695,-1.715
594052,1.96,-3.01,-2.135
594072,-0.665,-4.375,-2.555
594091,0.385,-6.125,-2.765
594110,-0.21000001,-5.11,-1.96
594129,-0.42000002,-3.7450001,-1.995
594149,1.575,-4.83,-1.925
594168,0.98,-6.825,-1.26
594187,0.77,-8.715,-0.63
594206,-1.4,-8.155,-0.21000001
594225,0.21000001,-7.875,0.07
594244,3.185,-8.505,0.35
594263,2.31,-8.505,0.735
594282,0.21000001,-7.945,0.665
594302,-2.66,-8.155,0.77
594321,-0.455,-9.7300005,0.875
594340,0.56,-7.07,2.065
594359,-6.265,-5.985,1.925
594378,3.99,-7.98,1.4
594397,4.795,-7.84,2.03
594416,0.875,-6.195,2.38
594435,-0.21000001,-5.18,2.73
594455,4.8650002,-5.7400002,2.345
594474,2.135,-7.07,2.275
594493,1.085,-6.58,2.275
594512,0.21000001,-4.795,2.24
594532,0.56,-3.99,1.995
594551,1.54,-3.99,1.61
594570,1.785,-3.3600001,1.365
594589,0.175,-2.66,1.225
594609,0.63,-2.765,0.945
594628,0.525,-1.505,1.05
594647,1.47,-1.4350001,0.49
594666,0.595,-2.8,0.455
594686,0.105000004,-4.095,0.42000002
594705,0.245,-4.97,0.175
594724,0.595,-4.655,0.28
594743,2.065,-3.535,0.525
594762,2.8700001,-2.625,0.56
594781,2.905,-2.94,0.455
594800,1.89,-3.29,0.42000002
594819,0.385,-2.975,0.315
594839,-0.21000001,-3.5,-0.105000004
594858,2.975,-4.165,0.175
594877,-4.655,-2.135,0.63
594896,0.35,-4.41,0.28
594916,5.355,-4.8650002,0.455
594935,1.715,-3.045,0.385
594954,-0.175,-2.485,0.805
594973,4.13,-3.57,0.56
594993,2.555,-5.705,0.28
595012,-0.035,-5.635,0.07
595031,-0.035,-3.885,0.0
595050,0.98,-3.57,0.105000004
595069,1.715,-3.185,0.105000004
595088,1.47,-2.17,0.105000004
595107,0.455,-1.645,0.175
595126,1.33,-2.835,-0.21000001
595146,1.4350001,-1.61,0.28
595165,1.75,-1.19,0.07
595184,2.485,-1.715,-0.175
595203,0.245,-1.96,-0.21000001
595222,0.07,-3.3600001,-0.35
595241,0.175,-4.48,-0.105000004
595260,1.19,-4.69,0.035
595279,1.89,-3.675,-0.105000004
595299,2.24,-2.66,-0.28
595318,2.205,-2.975,-0.56
595337,2.03,-3.535,-0.385
595356,2.52,-3.605,0.035
595375,2.24,-2.975,-0.07
595394,0.28,-3.92,-0.56
595413,2.38,-5.145,-0.245
595432,-4.34,-3.675,-0.035
595452,0.945,-5.845,-0.21000001
595471,3.5,-6.405,0.0
595490,0.49,-4.725,0.28
595509,-0.21000001,-3.535,0.35
595529,4.305,-4.62,-0.14
595548,1.82,-6.895,-0.14
595567,-0.525,-6.6150002,-0.035
595586,0.035,-4.025,0.14
595606,0.49,-2.625,0.105000004
595625,0.28,-2.17,0.0
595644,0.07,-1.6800001,0.0
595663,-0.315,-1.61,-0.07
595682,0.98,-2.52,-0.42000002
595701,0.21000001,-0.665,0.14
595720,-0.07,-0.595,-0.175
595739,1.26,-1.96,-0.35
595759,0.21000001,-2.765,-0.7
595778,0.77,-3.78,-0.805
595797,0.63,-4.025,-0.49
595816,0.91,-3.465,-0.175
595835,1.26,-3.045,-0.21000001
595854,0.98,-2.835,-0.42000002
595873,0.63,-2.625,-0.595
595892,1.575,-2.52,-0.77
595912,1.54,-2.695,-0.665
595931,1.365,-2.38,-0.525
595950,1.26,-2.24,-0.665
595969,0.735,-3.185,-0.735
595989,3.045,-4.795,-0.455
596008,-2.415,-1.785,-0.14
596027,1.75,-3.255,-0.77
596046,5.145,-4.375,-0.175
596066,-1.505,-4.095,0.14
596085,-2.66,-3.7450001,0.525
596104,1.505,-4.795,0.105000004
596123,2.975,-5.67,0.14
596142,-0.315,-5.11,0.385
596161,-0.665,-4.2,0.42000002
596180,-0.49,-3.85,0.105000004
596199,-0.84000003,-3.92,0.245
596219,0.175,-3.885,0.175
596238,0.21000001,-2.59,0.105000004
596257,-0.105000004,-1.61,0.0
596276,-4.62,-1.33,0.525
596295,-3.08,-3.045,0.28
596314,-0.56,-4.025,0.07
596333,-1.575,-2.905,-0.21000001
596352,-0.385,-3.43,-0.455
596372,-1.05,-4.13,-0.105000004
596391,-1.085,-3.885,0.0
596410,-0.14,-3.395,0.175
596429,0.14,-3.08,0.21000001
596449,0.98,-2.73,0.455
596468,0.49,-2.695,0.595
596487,0.77,-2.38,0.28
596506,0.525,-1.855,-0.175
596526,-0.385,-1.505,-0.595
596545,1.4,-1.96,-0.07
596564,-3.71,-0.35,0.14
596583,0.77,-2.695,-0.35
596602,3.85,-4.55,-0.175
596621,-1.715,-3.465,-0.105000004
596640,-2.66,-2.59,0.07
596659,0.525,-2.765,0.07
596679,3.955,-3.815,-0.14
596698,-0.525,-4.585,0.07
596717,-1.54,-4.55,0.315
596736,0.175,-3.535,0.35
596755,0.665,-3.185,0.175
596774,0.63,-2.625,0.175
596793,0.77,-2.52,0.07
596812,-0.105000004,-2.8,0.035
596832,-0.665,-3.01,0.035
596851,0.42000002,-3.115,0.0
596870,0.14,-3.465,0.035
596889,-0.77,-3.115,0.0
596909,-0.28,-3.78,-0.14
596928,1.54,-4.62,0.07
596947,2.135,-4.515,0.28
596966,2.1,-3.57,0.28
596986,4.095,-3.115,0.455
597005,5.95,-2.905,0.385
597024,6.895,-3.605,0.35
597043,5.355,-3.395,0.595
597062,5.6,-2.03,0.7
597081,4.8650002,-2.695,0.84000003
597100,5.18,-3.92,0.21000001
597119,1.96,-1.785,0.455
597139,-0.175,-4.76,0.35
597158,9.485,-9.415,0.525
597177,8.12,-8.925,1.015
597196,4.69,-5.075,1.155
597215,5.7400002,-2.31,-0.07
597234,9.765,-4.9,-0.595
597253,5.67,-8.89,0.14
597272,5.005,-9.415,0.63
597292,4.2,-6.685,0.315
597311,5.18,-4.445,-0.77
597330,4.165,-4.62,-1.4
597349,2.975,-5.425,-1.4
597369,2.31,-5.355,-1.295
597388,1.96,-5.32,-1.575
597407,1.575,-3.22,-0.945
597426,1.365,-3.3600001,-0.875
597446,2.8700001,-4.305,-1.12
597465,-0.28,-3.57,-1.61
597484,-3.29,-4.69,-1.505
597503,-2.52,-6.23,0.385
597522,-0.14,-5.67,2.135
597541,0.455,-3.675,1.995
597560,0.0,-1.365,0.945
597579,-0.21000001,-0.98,0.595
597599,-0.28,-1.47,1.155
597618,0.245,-1.05,2.17
597637,1.785,1.61,2.66
597656,0.56,2.555,2.555
597675,3.255,-0.35,3.08
597694,-3.675,0.035,3.185
597713,-0.315,-3.01,1.82
597732,5.46,-4.375,1.225
597752,1.225,-2.835,0.595
597771,-1.54,-2.52,1.015
597790,2.52,-4.06,1.365
597809,3.22,-5.67,1.4350001
597829,0.315,-5.845,1.645
597848,1.89,-3.92,2.905
597867,4.585,-1.6800001,3.675
597886,4.41,0.035,3.325
597906,4.97,1.05,4.48
597925,7.0,4.375,6.58
597944,7.42,8.75,7.105
597963,7.5950003,9.485,6.3
597983,6.65,9.17,6.44
598002,7.35,9.1,6.3
598021,5.18,8.75,6.475
598040,5.355,8.575,6.965
598059,6.475,8.19,7.28
598078,5.46,7.875,7.14
598097,4.165,7.035,7.14
598116,3.7450001,6.195,7.42
598136,3.815,5.705,7.28
598155,3.08,4.585,7.035
598174,1.715,2.45,7.14
598193,1.785,0.525,7.63
598212,2.415,-0.735,8.015
598231,2.765,-2.17,7.28
598250,4.97,-3.885,6.545
598269,-4.235,-4.06,6.3
598289,0.42000002,-7.28,6.16
598308,3.78,-8.75,6.65
598327,-1.47,-9.415,6.895
598346,-3.85,-9.7300005,6.79
598366,-2.065,-12.285,5.985
598385,0.14,-14.91,6.6150002
598404,-0.385,-14.28,7.63
598423,2.24,-11.55,8.26
598443,2.66,-7.0,7.98
598462,4.305,-3.115,7.525
598481,8.47,0.035,7.07
598500,9.1,4.48,6.965
598519,9.415,12.88,7.91
598538,10.255,24.710001,9.38
598557,13.335,35.315,11.06
598576,18.55,46.865,13.440001
598596,21.315,54.04,15.8550005
598615,21.7,58.975,17.64
598634,22.155,66.465004,19.04
598653,21.175,73.78,19.495
598672,19.18,75.425,19.495
598691,16.17,74.97,18.41
598710,11.655,74.62,15.995
598729,7.14,72.975,13.86
598749,5.95,70.840004,11.62
598768,4.095,68.04,9.275
598787,3.7450001,64.75,6.3
598806,1.26,63.0,3.5
598826,-5.95,64.155,0.07
598845,-2.765,62.58,-2.94
598864,-0.595,63.245,-5.32
598883,-8.96,68.46,-8.54
598903,-13.545,72.590004,-10.71
598922,-11.9,74.06,-12.04
598941,-9.52,75.285,-13.16
598960,-16.52,76.405,-14.84
598979,-20.545,76.3,-15.96
598998,-20.02,79.24,-16.695
599017,-20.615,82.95,-16.835001
599036,-19.425,83.755,-16.31
599056,-17.92,83.72,-15.225
599075,-17.64,84.28,-14.175
599094,-19.6,87.78,-12.495
599113,-15.645,89.11,-10.36
599132,-14.245,91.56,-8.365
599151,-14.9800005,93.1,-6.125
599170,-13.965,91.595,-4.2
599189,-12.11,87.85,-2.695
599209,-13.440001,83.055,-1.6800001
599228,-14.63,79.24,-0.945
599247,-14.455,76.16,-0.49
599266,-9.52,74.06,-0.63
599286,4.34,79.94,-1.225
599305,8.19,79.73,-1.4
599324,5.145,68.88,0.28
599343,0.385,57.47,2.8700001
599363,1.715,58.87,3.185
599382,-6.51,69.615,0.735
599401,-2.8700001,74.69,-1.6800001
599420,1.4,77.455,-2.975
599439,0.7,74.76,-5.075
599458,3.22,67.935,-7.105
599477,11.375,63.420002,-10.08
599496,14.0,67.340004,-14.035
599516,4.97,80.255,-17.22
599535,-1.855,80.045,-18.62
599554,-5.81,69.405,-19.005
599573,-8.575,58.1,-17.15
599592,-5.88,46.69,-13.58
599611,-2.905,41.405,-11.585
599630,1.61,38.815,-9.87
599649,3.7450001,33.670002,-7.455
599669,8.505,27.02,-4.025
599688,12.985,24.5,-1.33
599707,15.085,24.885,0.63
599726,14.945,23.1,1.925
599746,15.82,20.195,2.765
599765,17.36,17.01,4.165
599784,18.13,12.18,6.02
599803,17.64,9.1,7.56
599823,16.975,8.505,8.155
599842,13.965,5.88,8.505
599861,12.6,3.185,8.96
599880,11.62,1.54,9.52
599899,12.32,-0.63,8.89
599918,14.14,-4.69,7.35
599937,12.67,-6.7200003,6.51
599956,13.265,-9.975,6.055
599976,13.65,-11.62,6.23
599995,1.4350001,-10.85,7.385
600014,-7.175,-13.58,7.525
600033,-28.210001,-11.795,6.335
600052,-10.115,-49.49,10.15
600071,3.045,-72.415,6.965
600090,-5.635,-60.69,0.035
600109,-6.86,-40.845,-2.38
600129,-4.2,-31.045,-1.995
600148,-15.365,-35.525,-0.175
600167,-17.43,-48.755,1.4350001
600186,-14.945,-59.675,1.785
600206,-21.245,-62.37,0.105000004
600225,-21.14,-60.515,-2.03
600244,-17.78,-56.175,-4.27
600263,-19.985,-49.14,-7.315
600283,-18.935,-44.205,-10.325
600302,-14.35,-42.105,-11.2
600321,-15.015,-43.12,-8.645
600340,-10.6050005,-40.25,-4.27
600359,-2.275,-38.22,-0.63
600378,-2.24,-32.305,0.63
600397,-4.515,-13.475,1.75
600416,-5.6,-1.75,4.725
600436,-10.395,5.53,8.33
600455,-8.505,10.535,9.765
600474,-5.46,13.72,10.745
600493,-13.125,16.275,9.52
600512,-11.83,17.36,7.91
600531,-8.575,20.65,7.735
600550,-9.695,22.68,7.805
600569,-12.915,24.395,5.6
600589,-14.525,21.91,2.17
600608,-22.435,22.295,1.54
600627,-37.205,26.18,1.505
600646,-35.0,21.245,5.46
600666,-19.915,30.59,1.89
600685,-16.695,41.055,-1.33
600704,2.52,33.215,2.03
600723,6.965,15.785,3.885
600743,-2.52,9.275,1.925
600762,-11.2,22.75,-1.575
600781,-16.765,36.96,-2.38
600800,-8.645,39.095,0.315
600819,2.555,36.925,2.415
600838,3.955,33.915,3.29
600857,0.595,30.555,3.605
600876,-1.61,28.245,3.57
600896,-0.63,28.0,1.505
600915,2.24,32.165,0.42000002
600934,0.455,38.115,1.4350001
600953,-1.015,43.785,4.34
600972,1.085,47.46,6.685
600991,5.915,49.455,9.59
601010,5.67,52.745,13.895
601029,5.53,55.755,17.64
601049,8.505,53.235,19.74
601068,2.765,48.09,21.14
601087,-2.66,43.4,21.7
601106,-2.03,34.405,20.58
601125,-3.605,24.85,18.13
601144,-15.89,22.225,17.115
601163,-20.965,11.9,17.325
601182,-29.785,-1.26,13.65
601202,-20.37,7.455,11.655
601221,-13.615,8.47,11.13
601240,-20.335001,2.73,10.045
601259,-12.565,9.905,9.555
601279,-7.0,22.575,6.545
601298,-7.245,31.5,5.67
601317,1.12,21.56,7.245
601336,11.76,2.73,9.275
601356,13.895,-7.665,8.085
601375,14.14,-14.875,5.18
601394,12.215,-17.815,2.31
601413,8.26,-19.145,-0.7
601432,7.77,-24.08,-3.15
601451,11.095,-31.185,-4.9
601470,14.14,-37.905,-6.16
601489,14.49,-44.835,-6.545
601509,17.22,-49.35,-7.84
601528,18.41,-44.24,-9.45
601547,10.29,-39.095,-12.005
601566,17.535,-41.79,-12.95
601586,17.605,-45.36,-12.46
601605,13.440001,-47.775,-12.775
601624,13.2300005,-50.12,-13.79
601643,17.15,-51.905,-15.61
601663,12.145,-53.865,-17.08
601682,8.155,-56.56,-18.095
601701,2.73,-59.535,-18.69
601720,-0.07,-63.420002,-18.445
601740,0.315,-66.185,-18.725
601759,0.0,-67.2,-20.02
601778,-0.455,-66.36,-20.44
601797,1.155,-64.155,-20.02
601816,1.75,-60.97,-18.9
601835,0.945,-63.735,-19.705
601854,-5.215,-72.905,-20.44
601873,0.21000001,-65.485,-19.355
601893,11.865,-49.595,-19.845
601912,16.66,-48.09,-20.86
601931,18.865,-59.745,-18.97
601950,18.27,-69.51,-15.435
601969,20.93,-68.985,-14.0
601988,24.15,-61.95,-14.245
602007,24.78,-56.35,-14.28
602026,26.6,-54.775,-15.015
602046,27.475,-46.55,-14.84
602065,25.935,-41.16,-16.135
602084,31.43,-38.920002,-15.785
602103,24.64,-32.165,-14.49
602123,16.835001,-26.18,-13.195
602142,19.355,-26.25,-12.635
602161,21.735,-29.365,-12.46
602180,19.775,-27.825,-11.935
602200,18.655,-21.805,-11.41
602219,17.85,-15.575,-10.745
602238,15.47,-11.34,-9.24
602257,12.425,-6.965,-6.93
602276,8.995,0.525,-3.99
602295,0.7,9.415,-1.295
602314,-2.66,4.06,1.155
602333,4.375,-3.5,2.555
602353,0.175,-0.77,3.045
602372,-1.295,0.175,3.99
602391,-3.535,-1.225,4.76
602410,-6.755,-1.26,4.41
602429,-9.135,0.735,4.41
602448,-9.38,4.76,4.97
602467,-9.975,10.15,5.075
602486,-8.925,11.97,5.355
602506,-7.525,9.8,6.09
602525,-5.95,6.055,5.81
602544,0.735,3.78,5.7400002
602563,-7.0,7.14,5.81
602583,-2.45,8.505,5.46
602602,1.295,11.375,4.9
602621,-0.945,13.965,4.76
602640,-3.675,10.85,5.005
602660,1.61,4.095,4.165
602679,0.175,-1.575,3.08
602698,0.21000001,-1.75,1.925
602717,0.35,-0.84000003,0.805
602736,1.6800001,-1.75,-0.21000001
602755,1.365,-3.045,-1.12
602774,1.4,-3.465,-1.575
602793,1.365,-2.835,-1.61
602813,1.645,-2.17,-1.26
602832,3.78,-2.8700001,-1.4
602851,5.005,-1.925,-1.715
602870,6.16,-1.75,-2.17
602889,5.285,-2.1,-1.995
602908,6.055,-3.15,-2.03
602927,6.79,-4.76,-1.82
602946,8.12,-4.585,-1.155
602966,8.295,-2.8,-0.105000004
602985,7.805,-1.505,0.63
603004,7.945,-1.47,1.12
603023,6.37,-0.84000003,1.575
603042,5.915,-2.135,1.19
603061,7.805,-0.455,2.065
603080,0.77,-0.35,1.89
603099,7.875,-3.885,1.19
603119,5.39,-3.885,0.77
603138,2.695,-2.38,1.155
603157,2.205,-2.275,1.4
603176,3.92,-3.78,0.875
603196,1.715,-4.935,0.385
603215,1.89,-4.445,0.21000001
603234,1.6800001,-2.555,0.245
603253,1.715,-0.98,0.07
603273,1.645,-0.77,0.0
603292,0.875,-1.47,0.35
603311,-0.56,-0.77,0.98
603330,-1.015,0.385,1.33
603349,-0.35,2.17,1.785
603368,-1.225,2.065,1.295
603387,-0.595,-0.315,1.26
603406,-0.91,-1.05,1.19
603426,-0.98,-1.47,0.84000003
603445,-1.4350001,-2.17,1.015
603464,-0.07,-2.345,1.54
603483,0.175,-1.785,1.995
603502,0.385,-1.505,2.065
603521,1.54,-1.6800001,2.555
603540,1.26,-0.875,2.52
603559,4.13,-2.415,1.61
603579,-0.77,-0.77,2.45
603598,-1.19,-1.925,2.17
603617,7.035,-3.115,1.995
603636,2.695,-1.05,2.45
603656,-2.065,-0.77,2.625
603675,0.21000001,-2.205,2.31
603694,2.275,-4.585,2.345
603713,1.015,-5.215,2.555
603733,-0.63,-4.2,2.66
603752,-1.12,-4.025,2.24
603771,-1.085,-4.095,1.75
603790,-0.28,-4.34,1.4350001
603809,-0.875,-4.27,1.05
603828,-2.1,-3.78,0.875
603847,-1.75,-4.585,0.35
603866,-2.415,-3.885,0.42000002
603886,-4.025,-3.955,-0.21000001
603905,-2.905,-4.9,-0.28
603924,-1.925,-6.335,-0.21000001
603943,-1.12,-5.845,0.035
603962,-0.875,-5.145,0.105000004
603981,-0.42000002,-5.635,0.385
604000,-0.56,-5.565,0.77
604019,-1.05,-5.215,1.4
604039,-1.61,-4.165,2.275
604058,-2.8,-3.92,2.24
604077,-0.105000004,-6.79,1.6800001
604096,-8.26,-5.215,2.8700001
604116,-6.265,-6.265,3.045
604135,-0.175,-7.42,3.5
604154,-4.48,-6.09,3.92
604173,-7.0,-5.88,4.13
604193,-2.24,-7.77,3.885
604212,0.56,-8.995,3.675
604231,-1.82,-7.42,3.22
604250,-4.2,-6.51,2.765
604269,-4.165,-6.895,2.8
604288,-3.85,-6.58,2.66
604307,-5.145,-6.44,2.1
604326,-6.755,-7.5950003,2.03
604346,-6.7200003,-8.05,2.45
604365,-6.125,-7.98,2.135
604384,-6.79,-5.11,1.855
604403,-7.07,-4.585,1.82
604422,-5.18,-5.145,2.1
604441,-3.29,-4.83,1.6800001
604460,-3.815,-6.02,1.12
604479,-3.255,-7.175,1.085
604499,-2.24,-5.705,0.91
604518,-2.065,-5.11,0.63
604537,-3.57,-5.705,0.91
604556,-3.92,-5.39,1.925
604576,-4.025,-3.675,2.45
604595,-0.455,-3.815,1.925
604614,-5.32,-0.7,2.975
604633,-6.02,-2.625,2.73
604653,1.645,-4.795,2.52
604672,-0.735,-3.71,2.31
604691,-5.635,-2.485,2.485
604710,-3.675,-2.94,2.695
604729,-2.625,-5.7400002,2.59
604748,-2.8700001,-7.42,2.275
604767,-2.625,-6.37,2.415
604786,-1.12,-4.55,2.905
604806,-2.065,-1.54,3.045
604825,-2.975,0.735,2.135
604844,-3.185,-0.35,1.575
604863,-2.17,-2.03,1.4350001
604882,-1.75,-2.695,1.12
604901,-3.255,0.28,1.12
604920,-1.365,0.84000003,0.805
604939,-2.065,-1.89,0.63
604959,-2.24,-3.01,0.595
604978,-2.52,-2.835,0.525
604997,-2.835,-2.03,0.805
605016,-2.975,-1.995,0.945
605036,-1.575,-2.135,1.33
605055,-0.98,-0.665,1.225
605074,-1.575,0.245,0.91
605093,-2.695,-1.12,1.155
605113,-2.765,-2.59,1.54
605132,0.35,-4.2,1.05
605151,-3.99,-1.19,1.575
605170,-2.1,-1.89,1.855
605190,4.13,-2.625,2.275
605209,2.52,-3.185,2.52
605228,0.84000003,-3.185,2.905
605247,5.6,-3.3600001,3.15
605266,8.47,-5.32,3.78
605285,10.22,-5.11,4.165
605304,9.24,-3.08,4.585
605323,9.03,-0.84000003,5.495
605343,10.22,0.63,5.81
605362,9.59,1.54,5.46
605381,7.945,5.53,4.165
605400,5.425,9.03,3.64
605419,6.965,10.535,2.835
605438,1.995,11.515,2.8700001
605457,3.22,12.075,3.115
605476,2.17,11.55,2.625
605496,3.045,11.9,0.77
605515,-3.185,7.665,1.715
605534,-1.295,5.845,5.705
605553,2.24,9.065,5.495
605573,-0.42000002,7.0,2.1
605592,1.47,-0.735,0.42000002
605611,2.31,-3.71,1.12
605630,0.105000004,-1.61,1.015
605650,-0.42000002,0.21000001,-0.91
605669,-0.91,0.98,-1.4350001
605688,0.665,0.42000002,-0.42000002
605707,2.765,0.56,1.05
605726,-2.345,-0.945,0.42000002
605745,3.955,-2.52,0.035
605764,4.69,-1.4350001,0.42000002
605783,1.785,-1.015,0.84000003
605803,1.995,-1.575,1.225
605822,4.795,-5.425,0.735
605841,3.465,-7.945,0.385
605860,2.555,-7.175,-0.14
605879,1.295,-5.285,-0.455
605898,0.245,-4.025,-0.175
605917,0.14,-3.3600001,0.0
605936,0.0,-3.185,-0.42000002
605956,-0.385,-3.3600001,-0.595
605975,0.56,-2.8700001,-0.315
605994,-1.26,0.28,0.735
606013,-0.98,1.19,1.015
606033,0.315,-1.05,1.05
606052,-0.805,-2.275,1.54
606071,-1.015,-1.785,1.61
606090,-0.875,-1.785,1.785
606110,0.14,-2.135,2.065
606129,0.28,-1.715,2.31
606148,-0.525,-1.89,2.485
606167,-0.42000002,-2.415,2.38
606186,-0.98,-2.38,2.31
606205,-1.715,-0.735,2.485
606224,-2.24,1.015,2.59
606243,-3.5,1.4350001,2.765
606263,-2.765,0.315,3.185
606282,-2.8700001,-0.7,3.78
606301,-3.815,-0.7,3.71
606320,-3.78,2.31,5.005
606339,-6.475,1.05,5.11
606358,-0.105000004,-0.91,5.25
606377,-1.505,-0.56,5.915
606396,-5.285,1.47,6.335
606416,-5.6,2.275,5.355
606435,-0.98,-3.15,4.795
606454,-2.975,-5.6,6.86
606473,-6.58,-0.385,7.35
606493,-7.455,4.34,5.985
606512,-5.495,3.465,6.23
606531,-6.02,2.625,7.315
606550,-5.7400002,3.185,7.21
606570,-5.355,0.84000003,6.825
606589,-6.7200003,-2.345,7.56
606608,-10.71,-1.33,8.645
606627,-7.35,-0.385,7.84
606646,-6.93,0.525,7.35
606665,-7.77,3.185,7.07
606684,-5.495,2.8,6.685
606703,-4.69,0.91,7.28
606723,-3.115,-0.07,8.68
606742,-2.94,0.175,7.84
606761,-3.325,-3.395,6.895
606780,-3.57,-6.965,7.245
606799,-2.765,-8.085,8.4
606818,-2.52,-5.81,8.995
606837,-4.62,-2.835,7.735
606856,-8.05,-3.08,6.23
606876,-8.33,-3.71,6.3
606895,-7.385,-2.45,7.28
606914,-6.055,-0.525,6.65
606933,-2.485,4.025,5.285
606953,-1.47,4.76,3.71
606972,2.8700001,5.67,3.3600001
606991,0.805,9.1,1.575
607010,3.465,6.545,0.35
607030,4.235,3.535,1.05
607049,7.4900002,2.275,0.63
607068,6.475,-1.225,0.35
607087,2.345,-3.955,0.84000003
607106,0.175,-0.63,0.805
607125,2.485,1.4,0.665
607144,1.4350001,1.085,1.05
607163,0.105000004,2.31,1.05
607183,2.38,3.255,0.875
607202,2.8700001,1.6800001,0.945
607221,-4.445,2.8700001,1.26
607240,-2.38,2.45,0.805
607259,-0.7,1.54,1.19
607278,-2.835,2.59,2.065
607297,-4.2,2.765,1.82
607316,-2.205,1.155,1.05
607336,-0.035,-1.295,1.12
607355,-0.56,-1.575,1.715
607374,-0.805,-0.49,1.82
607393,-1.05,-0.7,1.365
607413,-1.645,-1.47,0.77
607432,-1.47,-2.975,0.0
607451,-0.805,-4.06,-0.035
607470,-1.015,-2.31,0.315
607490,-1.365,-0.455,0.56
607509,-1.785,-0.665,1.085
607528,-1.89,-0.84000003,1.54
607547,2.275,-2.135,1.47
607566,-1.505,-2.905,1.855
607585,1.54,-4.34,3.045
607604,0.455,-2.17,3.43
607623,-2.73,0.595,2.94
607643,-4.025,2.1,3.5
607662,0.42000002,1.155,4.27
607681,3.3600001,-1.575,4.41
607700,3.01,-2.415,4.41
607719,1.785,-0.245,3.955
607738,2.345,1.26,3.3600001
607757,6.405,-0.42000002,3.325
607776,8.05,-2.695,2.765
607796,6.23,-2.975,2.17
607815,3.885,-2.59,1.645
607834,4.55,-3.605,0.525
607853,0.595,-1.295,0.14
607873,4.41,-2.835,-0.105000004
607892,5.075,-7.945,0.63
607911,8.47,-9.555,1.89
607930,8.47,-9.8,2.205
607950,5.95,-10.15,2.1
607969,4.83,-8.995,0.84000003
607988,1.47,-7.735,-0.945
608007,1.47,-9.905,-1.4350001
608026,3.71,-8.995,-1.225
608045,6.93,-7.315,-1.54
608064,8.015,-5.565,-1.89
608083,5.88,-4.83,-1.54
608103,6.09,-6.405,0.035
608122,7.525,-4.165,0.77
608141,6.335,-0.735,0.21000001
608160,4.095,-0.455,0.28
608179,3.465,0.7,1.085
608198,4.34,-1.365,1.295
608217,6.895,-2.1,0.49
608236,6.51,-5.005,-0.525
608256,4.9,-6.895,-0.105000004
608275,4.515,-4.2,0.525
608294,6.37,-3.955,0.385
608313,1.26,-6.58,0.84000003
608333,-3.045,-4.69,1.47
608352,-4.375,-0.455,2.03
608371,0.875,2.275,3.115
608390,2.275,3.43,2.94
608410,1.715,3.535,2.415
608429,1.925,4.2,2.24
608448,4.515,3.15,1.505
608467,4.305,2.8,0.945
608487,4.305,1.855,-0.07
608506,1.33,-0.35,-1.155
608525,0.105000004,-3.395,-0.84000003
608544,1.085,-4.305,-1.225
608563,0.385,-3.185,-1.96
608582,1.61,-4.76,-1.89
608601,1.47,-5.495,-0.945
608620,0.595,-4.62,-0.525
608640,0.63,-3.5,-0.315
608659,1.645,-3.395,0.175
608678,3.22,-3.395,0.63
608697,2.345,-3.815,0.805
608716,2.275,-3.465,0.98
608735,2.17,-2.555,1.12
608754,1.4,-1.925,0.35
608773,2.065,-4.795,-0.385
608793,0.875,-3.465,0.385
608812,-2.24,-3.535,-1.05
608831,-3.15,-4.655,-1.225
608850,-1.785,-4.165,-0.525
608870,-2.8,-3.185,-0.665
608889,-2.695,-3.01,-1.12
608908,3.3600001,-5.25,-1.19
608927,2.24,-6.3,-0.735
608947,1.12,-5.355,-0.525
608966,-1.05,-4.69,0.14
608985,0.385,-5.635,0.525
609004,0.735,-6.65,0.525
609023,-0.105000004,-4.725,0.455
609042,1.575,-3.045,0.56
609061,2.66,-2.415,0.805
609080,0.735,-0.665,1.085
609100,1.6800001,1.12,0.35
609119,-0.385,-0.35,0.63
609138,-0.315,-2.94,1.6800001
609157,0.98,-5.005,1.645
609176,-1.085,-5.6,1.225
609195,-1.995,-5.6,1.54
609214,0.7,-5.7400002,1.96
609233,3.045,-3.5,1.715
609253,2.38,-1.785,1.365
609272,1.89,-0.455,0.77
609291,1.4350001,0.385,-0.315
609310,1.12,-0.49,-1.4
609330,0.315,-1.47,-1.365
609349,1.26,-2.345,-1.225
609368,0.875,-1.505,-0.84000003
609387,-1.295,0.14,-0.945
609407,0.63,-3.29,-1.295
609426,1.645,-7.385,-1.295
609445,-0.875,-7.63,-1.6800001
609464,-3.5,-4.8650002,-1.995
609483,-0.28,-3.43,-1.925
609502,2.485,-4.795,-1.82
609521,-1.715,-5.67,-1.75
609540,-2.17,-5.705,-1.4
609560,-0.56,-4.76,-1.19
609579,1.19,-3.99,-1.785
609598,-1.26,-5.215,-2.73
609617,-5.985,-6.405,-2.73
609636,-4.305,-4.97,-2.03
609655,0.14,-1.855,-1.96
609674,2.205,2.485,-1.365
609693,1.785,4.165,-0.385
609713,-0.665,2.03,0.385
609732,1.855,-1.33,0.035
609751,4.13,-2.52,-0.91
609770,4.445,-1.015,-1.26
609790,3.71,-0.63,-1.19
609809,1.6800001,-0.735,-1.19
609828,0.98,-1.89,-0.455
609847,4.48,-4.2,0.07
609867,3.5,-6.3,0.385
609886,2.38,-6.93,0.98
609905,2.1,-7.7,1.4350001
609924,1.6800001,-6.825,1.47
609943,2.695,-5.88,0.7
609962,0.035,-1.365,0.63
609981,-0.07,-2.45,0.175
610000,4.34,-4.48,-0.14
610020,1.19,-3.64,-0.28
610039,-1.89,-2.31,0.245
610058,-0.175,-2.45,0.595
610077,1.995,-5.215,0.56
610096,-1.155,-6.37,0.455
610115,-3.99,-6.6150002,0.385
610134,-3.675,-6.125,0.175
610153,-1.4,-6.405,0.035
610173,-0.28,-6.65,-0.245
610192,-0.455,-5.705,-0.595
610211,-1.12,-6.125,-0.525
610230,0.56,-6.475,-0.455
610250,0.595,-3.3600001,-0.35
610269,0.0,-3.115,-0.77
610288,1.19,-5.39,-0.28
610307,-0.595,-4.725,0.175
610327,-1.365,-3.3600001,-0.35
610346,0.14,-3.115,-0.385
610365,1.05,-3.955,-0.14
610384,0.07,-4.795,-0.175
610403,-0.49,-4.445,-0.035
610422,0.805,-3.43,0.0
610441,1.12,-2.975,-0.455
610460,-0.385,-3.395,-0.77
610480,-0.49,-3.43,-0.805
610499,0.21000001,-2.415,-0.805
610518,2.52,-4.27,-0.665
610537,-0.105000004,-2.765,-0.385
610556,0.735,-3.78,-0.385
610575,2.695,-5.075,-0.595
610594,1.19,-4.62,-1.085
610613,-0.945,-3.78,-0.91
610633,-0.21000001,-3.99,-0.7
610652,0.175,-5.81,-0.385
610671,-3.08,-7.28,-0.315
610690,-3.85,-6.6150002,0.28
610709,-1.715,-4.515,0.98
610728,-0.105000004,-4.725,1.575
610747,-1.085,-4.305,1.225
610766,-0.315,-3.22,1.015
610786,0.315,-2.415,1.75
610805,0.84000003,-2.485,1.6800001
610824,2.205,-0.315,1.645
610843,2.31,-0.035,1.505
610863,2.485,-1.05,2.135
610882,1.89,-2.24,2.275
610901,1.295,-3.605,1.89
610920,2.52,-3.885,1.575
610940,3.115,-3.605,1.085
610959,3.465,-2.835,0.735
610978,4.62,-2.45,0.7
610997,5.005,-1.995,0.525
611016,3.85,-1.855,0.14
611035,1.96,-1.505,-0.105000004
611054,3.85,-2.555,0.07
611073,5.32,-3.29,0.35
611093,1.26,-0.945,0.07
611112,3.92,-3.15,-0.35
611131,5.25,-5.005,-0.14
611150,3.92,-5.425,-0.175
611169,-0.07,-4.025,-0.385
611188,-0.21000001,-3.325,-0.665
611207,-0.77,-5.7400002,-0.665
611226,-2.45,-7.665,-0.315
611246,-2.52,-7.875,-0.175
611265,-0.35,-5.635,-0.49
611284,-0.315,-4.375,-0.84000003
611303,-0.91,-3.605,-0.7
611323,0.385,-3.5,-0.525
611342,-1.12,-2.45,-0.525
611361,-2.555,-1.365,-0.945
611380,-1.575,-0.77,-0.945
611400,1.295,-0.735,-0.14
611419,3.64,-0.42000002,0.525
611438,5.25,0.35,-0.245
611457,5.355,0.91,-1.015
611476,2.555,-0.455,-1.33
611495,1.61,-2.94,-0.14
611514,3.01,-3.325,1.33
611533,1.4,-0.315,1.82
611553,0.07,-0.315,0.42000002
611572,-2.135,-3.71,0.105000004
611591,-0.98,-8.435,0.735
611610,0.385,-12.11,2.135
611629,-4.41,-9.205,1.155
611648,-5.285,-11.095,-0.35
611667,-1.4350001,-14.665,0.455
611686,-3.955,-13.755,1.89
611706,-5.495,-10.15,1.785
611725,-3.15,-7.77,1.225
611744,3.64,-8.365,1.855
611763,2.66,-9.52,3.3600001
611783,0.805,-7.665,3.78
611802,0.0,-5.25,3.255
611821,1.295,-3.185,3.15
611840,1.75,-1.12,3.395
611860,0.665,-0.14,3.43
611879,-1.12,0.385,3.115
611898,0.28,-0.315,2.52
611917,-0.91,1.33,2.17
611937,-1.82,2.24,1.54
611956,-1.54,0.98,1.54
611975,-0.875,-0.63,1.54
611994,-0.14,-1.925,1.26
612013,2.205,-3.395,1.4
612032,4.8650002,-3.185,1.89
612051,3.43,-2.24,1.4
612070,4.235,-3.465,0.805
612090,5.25,-4.515,0.245
612109,4.69,-6.37,-0.77
612128,4.375,-8.505,-1.505
612147,-2.625,-5.32,-1.82
612166,-2.03,-6.685,-2.38
612185,1.575,-8.26,-2.38
612204,-1.645,-6.545,-2.45
612223,-3.92,-3.08,-1.785
612243,-1.155,-2.555,-0.77
612262,1.89,-5.7400002,0.035
612281,-1.82,-5.985,0.42000002
612300,-2.835,-5.145,0.14
612320,-0.63,-4.235,-0.28
612339,1.575,-3.5,-0.56
612358,0.105000004,-2.66,-0.49
612377,0.56,-3.255,-0.105000004
612397,0.665,-3.08,0.0
612416,0.91,-3.255,-0.525
612435,-0.28,-0.42000002,-0.315
612454,0.84000003,0.63,-0.385
612473,-0.21000001,-0.315,-0.665
612492,-0.945,-2.625,-0.98
612511,0.0,-3.7450001,-0.805
612530,1.05,-3.115,-0.315
612550,2.135,-2.8,0.315
612569,1.96,-2.625,0.21000001
612588,1.82,-2.94,-0.07
612607,2.52,-2.59,-0.07
612626,0.35,-2.45,-0.455
612645,1.015,-4.55,-1.645
612664,0.175,-3.01,-1.26
612683,-0.84000003,-3.92,-0.875
612703,3.535,-4.165,-0.525
612722,1.925,-4.06,-0.805
612741,-1.995,-5.11,-1.015
612760,-0.105000004,-5.11,-0.49
612780,2.66,-6.51,0.35
612799,-0.385,-7.245,0.49
612818,-1.4350001,-6.3,-0.105000004
612837,-1.645,-4.69,-0.35
612857,-1.4350001,-3.885,-0.035
612876,0.175,-3.045,0.175
612895,2.835,-5.11,-0.14
612914,5.25,-7.245,-0.875
612933,5.775,-8.995,-0.805
612952,4.725,-8.015,-0.805
612971,4.025,-4.725,-1.925
612990,3.92,-3.85,-2.24
613010,2.1,-5.775,-1.925
613029,1.12,-6.7200003,-1.925
613048,2.485,-3.885,-1.4350001
613067,2.345,-1.96,-1.61
613086,1.085,-4.27,-1.785
613105,2.03,-6.3,-1.015
613124,1.575,-5.915,-0.35
613143,-1.015,-4.655,-0.49
613163,-0.945,-6.125,-1.4350001
613182,1.4350001,-5.285,-0.84000003
613201,-1.155,-2.205,-0.315
613220,2.205,-1.4350001,0.665
613240,2.24,-1.6800001,1.155
613259,0.665,-1.645,1.015
613278,0.175,-0.805,1.225
613297,2.59,-1.4350001,1.4350001
613317,0.945,-3.29,1.715
613336,-0.035,-3.325,1.75
613355,-0.28,-2.17,1.4350001
613374,1.19,-2.485,1.225
613393,1.645,-3.15,1.12
613412,0.945,-2.345,0.595
613431,0.035,-1.365,0.14
613450,-0.385,-0.945,0.07
613470,0.455,0.105000004,0.56
613489,2.975,1.12,0.56
613508,2.485,0.665,0.21000001
613527,-0.56,-1.19,0.035
613546,0.455,-3.185,-0.21000001
613565,2.24,-3.7450001,-0.665
613584,1.6800001,-3.465,-0.84000003
613603,2.555,-3.7450001,-0.98
613623,2.695,-4.585,-0.945
613642,2.625,-5.495,-1.015
613661,2.03,-5.25,-0.945
613680,0.945,-4.165,-1.225
613700,2.8,-5.215,-0.91
613719,0.63,-2.24,0.315
613738,2.73,-3.885,0.735
613757,3.57,-3.43,0.175
613777,-0.35,-2.03,-0.665
613796,-1.26,-1.925,-0.945
613815,0.56,-3.885,-1.015
613834,0.35,-6.58,-0.735
613853,-4.13,-5.495,-0.56
613872,-4.27,-3.395,-0.455
613891,-2.625,-1.295,-0.35
613910,-4.235,0.245,-0.175
613930,-3.815,0.455,-0.35
613949,0.28,0.35,-0.35
613968,2.275,-0.595,-0.805
613987,2.555,-2.695,-1.61
614006,1.645,-4.55,-2.485
614025,2.205,-8.225,-3.5
614044,0.385,-10.99,-2.94
614063,-2.38,-10.85,-2.24
614083,-3.255,-9.03,-2.135
614102,-2.17,-8.82,-2.38
614121,0.665,-9.555,-2.66
614140,2.03,-9.31,-2.835
614160,1.295,-8.82,-2.8700001
614179,2.31,-8.225,-2.66
614198,3.815,-7.28,-2.59
614217,4.34,-6.23,-2.38
614237,4.165,-6.44,-2.94
614256,0.28,-5.39,-2.73
614275,2.975,-7.665,-2.415
614294,7.805,-8.05,-1.6800001
614313,4.165,-5.705,-1.12
614332,0.49,-4.095,-0.77
614351,0.84000003,-4.13,-0.49
614370,4.655,-7.07,0.665
614390,1.33,-7.805,1.855
614409,-0.84000003,-5.705,1.61
614428,-0.945,-2.94,0.175
614447,0.105000004,-4.095,-0.595
614466,2.695,-5.88,-0.945
614485,-0.175,-5.88,-0.315
614504,-0.7,-2.835,-0.14
614523,0.98,-0.385,-1.4350001
614543,3.3600001,-0.35,-1.575
614562,3.395,-0.105000004,-1.785
614581,0.665,0.525,-1.75
614600,-4.55,-0.525,-2.24
614620,-4.025,-3.115,-1.6800001
614639,1.085,-3.85,-0.595
614658,3.08,-1.575,0.42000002
614677,1.645,0.805,0.77
614697,2.03,0.28,1.12
614716,2.52,-0.98,1.6800001
614735,0.315,-1.6800001,2.205
614754,-1.54,-2.065,3.395
614773,-2.03,-2.135,3.395
614792,-4.41,1.995,3.71
614811,-1.89,-0.63,4.235
614830,2.625,-3.5,6.37
614850,-2.8,-2.555,6.58
614869,-2.24,-3.99,5.845
614888,2.1,-6.51,4.13
614907,3.7450001,-7.07,1.4350001
614926,-0.63,-6.86,-0.21000001
614945,-3.57,-5.81,-1.4350001
614964,-3.045,-4.76,-2.45
614983,-0.42000002,-5.775,-2.03
615003,0.945,-6.265,-0.875
615022,0.42000002,-5.495,-0.735
615041,0.385,-3.22,-0.98
615060,1.12,0.14,-3.08
615080,-2.66,2.625,-3.395
615099,-0.175,3.885,-2.625
615118,1.085,4.48,-2.31
615137,0.35,4.025,-2.065
615157,0.7,-0.07,-0.595
615176,1.855,-1.365,1.295
615195,3.15,-0.42000002,1.26
615214,4.725,0.56,0.21000001
615233,5.005,0.175,-0.42000002
615252,3.815,0.665,1.785
615271,-2.03,2.975,2.1
615290,0.77,-0.665,1.61
615310,7.245,-5.11,4.2
615329,10.71,-1.6800001,6.405
615348,4.025,6.58,6.6150002
615367,8.575,8.89,6.125
615387,13.335,4.305,5.075
615406,5.845,4.41,3.78
615425,3.045,2.24,4.27
615444,6.825,-2.415,4.13
615463,2.38,-7.315,2.975
615482,-3.325,-7.98,2.52
615501,-3.955,-4.235,2.345
615520,-1.54,-1.785,2.1
615540,-1.4350001,-1.575,1.6800001
615559,-3.15,-1.4350001,2.03
615578,-3.29,-2.905,2.45
615597,-2.59,-3.7450001,2.24
615617,-1.155,-3.01,1.54
615636,-1.26,0.0,1.715
615655,1.085,0.525,1.575
615674,0.91,-1.47,1.05
615694,0.98,-2.205,0.805
615713,1.505,-2.135,1.015
615732,1.89,-1.925,1.05
615751,1.785,-2.205,0.7
615770,2.695,-2.065,0.595
615789,4.025,-2.975,0.735
615808,4.13,-4.025,0.7
615827,2.695,-4.97,0.56
615847,1.96,-5.495,0.665
615866,3.675,-8.19,0.315
615885,3.01,-10.535,-0.665
615904,3.22,-11.9,-2.345
615923,0.525,-8.995,-2.205
615942,0.245,-10.08,-2.1
615961,5.32,-11.165,-2.695
615980,5.705,-8.68,-3.255
616000,3.045,-4.9,-2.52
616019,3.64,-7.385,-1.54
616038,3.78,-11.795,-1.295
616057,4.165,-11.4800005,-1.995
616077,2.625,-8.015,-2.275
616096,1.75,-5.915,-2.065
616115,1.505,-7.525,-2.135
616134,0.91,-6.02,-3.325
616154,1.54,-5.075,-4.34
616173,3.08,-4.935,-3.395
616192,4.095,-5.6,-1.47
616211,2.625,-4.13,-0.42000002
616230,5.53,-1.12,-1.645
616249,7.07,-0.14,-0.98
616268,6.86,-0.105000004,1.085
616287,1.015,-2.765,2.8700001
616307,-1.925,-0.175,0.665
616326,1.75,1.505,-1.575
616345,5.495,4.095,-1.715
616364,8.75,-3.15,0.175
616383,0.42000002,-4.55,0.245
616402,-3.29,-1.05,-3.5
616421,5.11,-1.505,-5.81
616440,11.34,-6.195,-4.83
616460,8.4,-13.405,-2.03
616479,2.485,-9.415,-3.3600001
616498,6.265,-3.57,-7.035
616517,13.58,-0.665,-8.61
616537,13.265,-3.115,-9.415
616556,9.695,-9.485,-8.96
616575,5.495,-13.545,-12.04
616594,11.795,-13.615,-15.4
616614,12.88,-11.655,-17.22
616633,9.415,-11.27,-16.905
616652,6.79,-15.085,-15.295
616671,10.955,-15.8550005,-15.47
616690,10.115,-13.09,-16.765
616709,11.34,-10.885,-18.165
616728,12.285,-11.55,-19.215
616747,13.16,-15.8550005,-18.585001
616767,12.005,-16.73,-18.34
616786,12.635,-16.03,-19.6
616805,14.84,-17.43,-20.125
616824,15.8550005,-21.455,-19.39
616843,16.625,-25.235,-18.935
616862,14.21,-25.62,-19.915
616881,16.59,-25.725,-21.875
616900,17.710001,-25.445,-22.155
616920,19.355,-27.685,-21.77
616939,18.515,-31.15,-20.615
616958,16.765,-32.585,-19.6
616977,16.38,-33.18,-18.62
616997,19.565,-35.56,-17.36
617016,25.97,-38.605,-15.925
617035,22.925,-38.255,-15.75
617054,21.315,-34.65,-16.205
617074,25.97,-35.0,-16.065
617093,27.825,-40.46,-15.295
617112,26.425,-41.545002,-15.225
617131,24.78,-40.565,-15.015
617150,22.225,-37.765,-14.315001
617169,18.935,-37.415,-13.965
617188,18.725,-35.525,-12.775
617207,15.68,-32.375,-13.65
617227,18.13,-31.535,-14.385
617246,11.375,-31.85,-15.015
617265,9.485,-31.22,-14.77
617284,10.745,-28.315,-15.12
617303,11.515,-29.19,-15.295
617322,7.175,-30.485,-14.525
617341,6.335,-30.31,-13.72
617360,9.625,-26.6,-13.58
617380,8.75,-26.880001,-12.985
617399,7.455,-28.525,-10.99
617418,6.02,-27.58,-9.135
617437,3.92,-24.29,-8.26
617457,3.99,-20.09,-7.665
617476,3.22,-18.13,-7.14
617495,3.255,-17.045,-6.65
617514,3.29,-18.83,-6.195
617534,1.365,-19.04,-5.355
617553,1.155,-19.005,-4.55
617572,-0.245,-19.145,-4.165
617591,1.47,-22.33,-3.815
617610,-0.245,-25.515,-3.5
617629,-2.555,-27.195,-3.22
617648,-2.065,-28.945,-3.325
617667,0.77,-31.045,-3.3600001
617687,1.6800001,-30.8,-2.065
617706,1.26,-30.275,-0.77
617725,0.315,-31.22,-0.105000004
617744,0.7,-31.045,-0.035
617763,1.785,-30.835001,0.14
617782,4.025,-30.555,2.73
617801,0.665,-29.26,4.2
617820,6.825,-32.9,3.71
617840,10.745,-33.46,2.905
617859,7.315,-33.39,2.485
617878,7.14,-32.375,2.8700001
617897,13.265,-31.465,3.08
617916,12.25,-33.005,3.43
617935,8.8550005,-35.0,3.605
617954,7.84,-34.37,4.06
617973,8.225,-30.765,5.845
617993,8.575,-27.055,8.715
618012,6.58,-24.5,10.29
618031,3.85,-24.395,10.745
618050,2.905,-26.005,11.76
618070,0.56,-24.185,13.79
618089,-4.06,-19.04,15.925
618108,-6.825,-17.78,16.17
618127,-8.4,-21.105,15.33
618147,-10.57,-23.765,14.805
618166,-14.28,-22.575,14.91
618185,-18.9,-20.125,15.61
618204,-19.32,-19.985,16.73
618223,-20.44,-20.65,17.465
618242,-20.93,-22.19,16.8
618261,-21.35,-24.255,15.995
618280,-23.45,-25.235,15.4
618300,-24.15,-25.76,15.785
618319,-24.43,-26.075,16.24
618338,-26.145,-29.225,15.05
618357,-25.27,-33.285,12.495
618376,-22.960001,-36.015,10.675
618395,-24.815,-37.59,9.765
618414,-25.305,-39.34,8.085
618433,-29.995,-41.16,4.585
618453,-27.195,-46.375,0.945
618472,-22.05,-51.415,-1.75
618491,-22.12,-55.16,-4.06
618510,-22.12,-58.205,-6.02
618530,-17.395,-65.73,-8.68
618549,-17.85,-74.935,-10.885
618568,-15.47,-79.135,-12.635
618587,-11.025,-79.205,-13.79
618607,-7.63,-81.095,-14.735
618626,-7.7,-84.385,-15.715
618645,-8.26,-85.785,-16.625
618664,-9.905,-81.165,-17.885
618683,-9.065,-76.265,-19.355
618702,-3.57,-77.21,-20.125
618721,3.395,-79.835,-20.37
618740,6.79,-80.605,-21.07
618760,9.275,-79.66,-22.575
618779,6.93,-77.35,-23.59
618798,6.37,-75.215004,-24.115
618817,6.93,-73.325,-23.66
618837,5.7400002,-71.365,-22.365
618856,3.185,-71.575,-20.405
618875,0.245,-70.56,-17.99
618894,-2.38,-69.44,-16.24
618914,-2.205,-66.36,-14.91
618933,-2.24,-63.84,-13.58
618952,0.42000002,-61.635002,-12.425
618971,1.26,-60.48,-11.865
618991,0.035,-60.935,-11.62
619010,-0.805,-60.83,-11.2
619029,-1.33,-60.025,-11.305
619048,-1.54,-60.34,-12.25
619067,0.175,-58.52,-12.18
619086,-2.975,-56.28,-12.145
619105,1.225,-54.04,-11.27
619124,1.085,-52.08,-10.22
619144,-3.85,-50.295002,-9.065
619163,-6.895,-48.3,-7.875
619182,-5.6,-48.72,-7.63
619201,-7.56,-48.09,-7.105
619220,-8.05,-43.75,-6.475
619239,-7.945,-36.225,-5.53
619258,-8.295,-29.715,-3.815
619277,-9.1,-26.18,-1.26
619297,-8.085,-23.345,0.875
619316,-5.425,-20.195,2.275
619335,-3.99,-17.045,3.43
619354,-2.835,-15.12,4.165
619374,-5.18,-12.46,4.9
619393,-5.845,-10.99,5.46
619412,-5.215,-10.745,5.88
619431,-5.32,-9.625,6.3
619451,-5.565,-9.485,6.335
619470,-5.215,-9.275,6.195
619489,-5.7400002,-8.085,5.46
619508,-6.02,-5.355,4.655
619527,-4.795,-2.66,4.27
619546,-3.3600001,-1.05,4.375
619565,-2.66,1.015,4.515
619584,-1.575,2.835,4.025
